<?xml version="1.0"?>
<node>
    <component type="Visualable">
        <attribute name="Model" value="Model;dress/a0/f1/a0f1e508173935588a5587f790c777128e406435.mesh;clone" />
        <attribute name="MaterialName" value="name=diffnormalspPacked,specular=100 100 100 10,bumpiness=1.0,cull=none,lighting=on,renderOrder=0,zModify=0.8,Texture0=dress/4c/cf/4ccf6dc8cbcc8d400bbc4a570a32cd3475b80b3a.jpg,Texture1=dress/9c/ae/9cae84f57985acfbee2eb13149d22d67e3642ed3.jpg;name=diffnormalspPacked,specular=100 100 100 10,bumpiness=1.0,cull=none,lighting=on,renderOrder=0,zModify=0.8,Texture0=dress/4c/cf/4ccf6dc8cbcc8d400bbc4a570a32cd3475b80b3a.jpg,Texture1=dress/9c/ae/9cae84f57985acfbee2eb13149d22d67e3642ed3.jpg;name=diffnormalspPackedalpha,specular=0 0 0 10,bumpiness=1.0,cull=none,lighting=on,renderOrder=0,zModify=0.8,Texture0=dress/75/40/75402225374eb9c503fe3c2344af0c7e64e4487b.png,Texture1=dress/9c/ae/9cae84f57985acfbee2eb13149d22d67e3642ed3.jpg;" />
    </component>
    <component type="ProxyDeform">
        <attribute name="Object3D" value="Object3D;dress/32/a0/32a0c3b4c9ecb76c53c16e01184227a230a7cc16.obj;clone" />
        <attribute name="VertexProxyTable" value="VertexProxyTable;dress/37/43/3743e363bc0d0cfdf27b19fcf56738fba5b1eeff.proxy" />
    </component>
    <component type="Animationable" />
</node>
