<?xml version="1.0"?>
<node>
    <component type="Visualable">
        <attribute name="Model" value="Model;dress/e1/5a/e15ab364158fea1efad3a6a47a04dcc83213d164.mesh;clone" />
        <attribute name="MaterialName" value="name=diffnormalspPacked,specular=255 255 255 32,bumpiness=1.0,cull=none,lighting=on,renderOrder=0,zModify=0.5,Texture0=dress/70/cb/70cb496b1660c1f23b44f86efa86d93771ccb1cd.jpg,Texture1=dress/ec/8b/ec8b251f48ee55faab6f94fd8f54d3c76e2d7486.jpg,change_color_type=1,change_color_image=dress/21/7c/217ceed4a5629a6bda52715fc294877286799b3e.jpg,change_color_config=dress/42/89/4289e4271b9c3c28ab0f3e23855d955161a768d1.xml,change_color_index=0;" />
    </component>
    <component type="ProxyDeform">
        <attribute name="Object3D" value="Object3D;dress/6b/d0/6bd02903c4bbc0a97b74190408162150fbe7f926.obj;clone" />
        <attribute name="VertexProxyTable" value="VertexProxyTable;dress/13/3f/133faa34a9af8da308cb5e6067c466b9970c6513.proxy" />
    </component>
    <component type="Animationable" />
</node>
