<?xml version="1.0"?>
<node>
    <component type="Visualable">
        <attribute name="Model" value="Model;dress/28/8d/288d820fd2b514090f8dfaac156a13485b9f3b7e.mesh;clone" />
        <attribute name="MaterialName" value="name=diffnormalspPacked,specular=120 120 120 32,bumpiness=1.0,cull=none,lighting=on,renderOrder=0,zModify=0.5,Texture0=dress/71/ed/71ed8ede58ef21b5898c0cb7b7e50b2279af6b66.jpg,Texture1=dress/23/b8/23b89ee2b2db31f103356a9f733b325aeb450e73.jpg;" />
    </component>
    <component type="ProxyDeform">
        <attribute name="Object3D" value="Object3D;dress/05/a8/05a816c0683be7b12991dcfd1bc4bbe4ea8f6cb2.obj;clone" />
        <attribute name="VertexProxyTable" value="VertexProxyTable;dress/8b/3a/8b3acd9c1397ce5a6e55e6e0937c66c2abffaadc.proxy" />
    </component>
    <component type="Animationable" />
</node>
