<?xml version="1.0"?>
<node><component type="Hair"><attribute name="Config File" value="dress/4a/5c/4a5ca371f742ecd5fc40cbf61f564727b619537d.xml"/></component><component type="Visualable"><attribute name="Skeleton" value="dress/70/1e/701e65c75922772c948865d7ed4148b61142e6df.skeleton"/><attribute name="Model" value="Model;dress/fa/73/fa73d1eac3f8c8020aac63d6960872cfa3935108.mesh;clone"/><attribute name="MaterialName" value="name=diffnormalspPackedalpha,specular=255 255 255 32,bumpiness=1,cull=none,lighting=on,renderOrder=0,zModify=0.8,Texture0=dress/2f/96/2f967c2beab822e74b3fae62917ae945adca1b81.png,Texture1=dress/51/0b/510bc323eb48be593bf4337b6d8c972c89f98354.jpg;"/></component><component type="ProxyDeform"><attribute name="Object3D" value="Object3D;dress/3c/7f/3c7f2b91d425245af5ed3bb1ccdfb511a4a7f49a.obj;clone"/><attribute name="VertexProxyTable" value="VertexProxyTable;dress/db/72/db721cc56067abddd3b160a81bd94d8c2ccd32fe.proxy"/></component><component type="Animationable"/></node>
