<?xml version="1.0"?>
<node>
    <component type="Hair">
        <attribute name="Config File" value="dress/d0/cf/d0cfcae8ca3fa7a9d24ef45f107673a9bbe44d6f.xml" />
    </component>
    <component type="Visualable">
        <attribute name="Skeleton" value="dress/a1/70/a170fc30c337e4f3cf8e46dd80fe49837907aff3.skeleton" />
        <attribute name="Model" value="Model;dress/73/98/739876df019571abb93cdc844620ca766eede1ee.mesh;clone" />
        <attribute name="MaterialName" value="name=diffalpha,specular=1 1 1 32,bumpiness=1.0,cull=none,lighting=off,renderOrder=0,zModify=0,diffuseLambert=1,Texture0=dress/80/c7/80c70dad6148c65fcfaef7e38fad9227e927e7ee.png,change_color_type=2,change_color_image=dress/37/8d/378defe457d66cd3b1cbe59114e13034f81394dc.png,change_color_config=dress/08/e4/08e4f7a0f0079ecfca10c07e523a8ed912433332.xml,change_color_count=21,change_color_index=0;" />
    </component>
    <component type="ProxyDeform">
        <attribute name="Object3D" value="Object3D;dress/bf/50/bf50e7c483f1ab90d4d367fb98c79e4b8c66ab1c.obj;clone" />
        <attribute name="VertexProxyTable" value="VertexProxyTable;dress/c3/64/c36491833f09788c2da573a49ac0131035cf12f6.proxy" />
    </component>
    <component type="Animationable" />
</node>
