<?xml version="1.0"?>
<node>
    <component type="Visualable">
        <attribute name="Model" value="Model;dress/2d/07/2d0708b3303b63096bc98a079a40a2618f13ad19.mesh;clone" />
        <attribute name="MaterialName" value="name=diffnormalspPacked,specular=255 255 255 32,bumpiness=1.0,cull=none,lighting=on,renderOrder=0,zModify=0.5,Texture0=dress/4f/0b/4f0b0a42f5eab5725db145dd08d93043d2a4fb47.jpg,Texture1=dress/b1/7d/b17dd5974a6d5416e32884505cfb463f34ecdf0d.jpg,change_color_type=1,change_color_image=dress/c0/5b/c05b43ce880d1a8662858355c2ac820ba00d99f6.jpg,change_color_config=dress/8e/7b/8e7b5d14f961b733cfba74f36d725c3c0891026a.xml,change_color_index=0;" />
    </component>
    <component type="ProxyDeform">
        <attribute name="Object3D" value="Object3D;dress/df/9c/df9c3309f97700738bbef8367d58f558c2abce0f.obj;clone" />
        <attribute name="VertexProxyTable" value="VertexProxyTable;dress/56/84/5684df096cf138db5bca99a470332876981bdb83.proxy" />
    </component>
    <component type="Animationable" />
</node>
