<?xml version="1.0"?>
<node><component type="Visualable"><attribute name="Model" value="Model;dress/3a/77/3a7733ef7e39fc8b1f2e5f9dd9ded680dafc863b.mesh;clone"/><attribute name="MaterialName" value="name=diffnormalspPacked,specular=50 50 50 32,bumpiness=1.0,cull=none,lighting=on,renderOrder=0,zModify=0.6,Texture0=dress/7c/8c/7c8c4ad3389e9f8e3aac1fd2c55f6ba2845c0aa7.jpg,Texture1=dress/8b/ec/8bec876f61395c66b1803ed1157a1c9753aa83e4.jpg;"/></component><component type="ProxyDeform"><attribute name="Object3D" value="Object3D;dress/c9/24/c9240638d3b8abeb8435c71fd1e7203ca86a9f01.obj;clone"/><attribute name="VertexProxyTable" value="VertexProxyTable;dress/29/3d/293d085b2f4367f6bbe58ecebe3c8da6293250ba.proxy"/></component><component type="Animationable"/></node>
