<?xml version="1.0"?>
<node><component type="Visualable"><attribute name="Model" value="Model;dress/fc/3f/fc3ffb67e369be7bc4fea37eb3ceb61c11dcea03.mesh;clone"/><attribute name="MaterialName" value="name=diffnormalspPacked,specular=255 255 255 32,bumpiness=1.0,cull=none,lighting=on,renderOrder=0,zModify=0.6,Texture0=dress/5f/25/5f25cd549012eae8c0298756992dec39736b4369.jpg,Texture1=dress/d6/ca/d6ca3963672f518a0d287d230f4d56ef55f492da.jpg;"/></component><component type="ProxyDeform"><attribute name="Object3D" value="Object3D;dress/fd/56/fd56d27002002b1a33c358167e9ea6ad3eeefb07.obj;clone"/><attribute name="VertexProxyTable" value="VertexProxyTable;dress/7b/81/7b812e291308471fd64071478794abc9eb381fc2.proxy"/></component><component type="Animationable"/></node>
