<?xml version="1.0"?>
<node>
    <component type="Visualable">
        <attribute name="Model" value="Model;dress/72/d4/72d405e7369094cbd2a9e72753afa961db0da528.mesh;clone" />
        <attribute name="MaterialName" value="name=diffnormalspPacked,specular=50 50 50 10,bumpiness=1.0,cull=none,lighting=on,renderOrder=0,zModify=0.5,Texture0=dress/ff/1f/ff1f55afaf6b831f0fba4f41e3bde6422b6d1abe.jpg,Texture1=dress/ab/23/ab232a523ba732017c228a99d479dd8bc55cb3e1.jpg;" />
    </component>
    <component type="ProxyDeform">
        <attribute name="Object3D" value="Object3D;dress/b1/42/b1421cc0df32eaa31526faea396dc2780216b112.obj;clone" />
        <attribute name="VertexProxyTable" value="VertexProxyTable;dress/84/2c/842c1175949e3ce689d05485ce28e42860debdec.proxy" />
    </component>
    <component type="Animationable" />
</node>
