<?xml version="1.0"?>
<node><component type="Visualable"><attribute name="Model" value="Model;dress/22/3e/223ec2e3a54b5d71f88634cf21fc88de0961537e.mesh;clone"/><attribute name="MaterialName" value="name=diffnormalspPacked,specular=50 50 50 10,bumpiness=1.0,cull=none,lighting=on,renderOrder=0,zModify=0.6,Texture0=dress/56/06/560601496f52cd6ebd3b265cd535ad541a98053e.jpg,Texture1=dress/e5/fc/e5fcf5f99ef011789cbb5b8cb3945babb451719c.jpg;"/></component><component type="ProxyDeform"><attribute name="Object3D" value="Object3D;dress/d5/39/d539abadf85bf56da1d845b38b8aa571d684678e.obj;clone"/><attribute name="VertexProxyTable" value="VertexProxyTable;dress/e6/68/e668bab05c0d41830bb88675e592333e23a2a4ec.proxy"/></component><component type="Animationable"/></node>
