<?xml version="1.0"?>
<node>
    <component type="Visualable">
        <attribute name="Model" value="Model;dress/c3/bb/c3bbc88a3ed0dd08ea12bd1a22b4b9d58bd18337.mesh;clone" />
        <attribute name="MaterialName" value="name=diffalpha,specular=1 1 1 32,bumpiness=1.0,cull=none,lighting=off,renderOrder=0,zModify=0.4,Texture0=dress/14/7b/147b820dd85cc4a26b3911bd52ccd055f9446a76.png,change_color_type=2,change_color_image=dress/37/8d/378defe457d66cd3b1cbe59114e13034f81394dc.png,change_color_config=dress/08/e4/08e4f7a0f0079ecfca10c07e523a8ed912433332.xml,change_color_index=0;name=diff,specular=1 1 1 32,bumpiness=1.0,cull=none,lighting=off,renderOrder=0,zModify=0.4,Texture0=dress/14/7b/147b820dd85cc4a26b3911bd52ccd055f9446a76.png,change_color_type=2,change_color_image=dress/37/8d/378defe457d66cd3b1cbe59114e13034f81394dc.png,change_color_config=dress/08/e4/08e4f7a0f0079ecfca10c07e523a8ed912433332.xml,change_color_index=0;" />
    </component>
    <component type="ProxyDeform">
        <attribute name="Object3D" value="Object3D;dress/c9/88/c988bab2338699aaf771cc23e4f857f8d6b7c642.obj;clone" />
        <attribute name="VertexProxyTable" value="VertexProxyTable;dress/1b/88/1b8871bcfecda6571447e908a90cecdf5cfa8e69.proxy" />
    </component>
    <component type="Animationable" />
</node>
