<?xml version="1.0"?>
<node><component type="Hair"><attribute name="Config File" value="dress/f4/b0/f4b0434fbb43da9a67ccc0835f0b1e9b28f5f509.xml"/></component><component type="Visualable"><attribute name="Skeleton" value="dress/35/eb/35eb694e997ab305985545a5b8fee9f0a07528ca.skeleton"/><attribute name="Model" value="Model;dress/03/26/03260fcf7d21f970159518e29a457b699e3cde24.mesh;clone"/><attribute name="MaterialName" value="name=diffnormalspPacked,specular=50 50 50 32,bumpiness=1.0,cull=none,lighting=on,renderOrder=0,zModify=0.8,Texture0=dress/6d/69/6d69846cef2d8b8ea5ed9d132bd88f218c55993c.jpg,Texture1=dress/50/87/50876162002729ec4191aae6d29858f3a1c5907a.jpg;"/></component><component type="ProxyDeform"><attribute name="Object3D" value="Object3D;dress/0d/af/0daf74ccf8c569f70f2c2026cc6cf2ff246c85a4.obj;clone"/><attribute name="VertexProxyTable" value="VertexProxyTable;dress/7e/e1/7ee15714b2eba6a30d3911f095411240d80a97fd.proxy"/></component><component type="Animationable"/></node>
