<?xml version="1.0"?>
<node>
    <component type="Hair">
        <attribute name="Config File" value="dress/3f/f7/3ff7f9b87ea462d1b7dfbd8257518517502f7649.xml" />
    </component>
    <component type="Visualable">
        <attribute name="Skeleton" value="dress/54/97/5497c4e51e4af3761c21465f69408cd36412d723.skeleton" />
        <attribute name="Model" value="Model;dress/27/fa/27faf35ac360a174befc6840fa289bf118000aba.mesh;clone" />
        <attribute name="MaterialName" value="name=diffalpha,specular=1 1 1 32,bumpiness=1.0,cull=none,lighting=off,renderOrder=15,zModify=0.8,Texture0=dress/57/46/574665b1a614614eefd333ee9853231b49bf0a14.png,change_color_type=2,change_color_image=dress/37/8d/378defe457d66cd3b1cbe59114e13034f81394dc.png,change_color_config=dress/08/e4/08e4f7a0f0079ecfca10c07e523a8ed912433332.xml,change_color_count=21,change_color_index=0;name=diffalpha,specular=1 1 1 32,bumpiness=1.0,cull=none,lighting=off,renderOrder=20,zModify=0.8,Texture0=dress/57/46/574665b1a614614eefd333ee9853231b49bf0a14.png,change_color_type=2,change_color_image=dress/37/8d/378defe457d66cd3b1cbe59114e13034f81394dc.png,change_color_config=dress/08/e4/08e4f7a0f0079ecfca10c07e523a8ed912433332.xml,change_color_count=21,change_color_index=0;" />
    </component>
    <component type="ProxyDeform">
        <attribute name="Object3D" value="Object3D;dress/c6/64/c664aae0b22d184625591a2183188ce522408814.obj;clone" />
        <attribute name="VertexProxyTable" value="VertexProxyTable;dress/04/27/0427fa870d30e470f0c4562629952514180bddd0.proxy" />
    </component>
    <component type="Animationable" />
</node>
