<?xml version="1.0"?>
<node>
    <component type="Hair">
        <attribute name="Config File" value="dress/bd/0e/bd0e04b5d189ab5e2f5689ccedb21b4ba719521a.xml" />
    </component>
    <component type="Visualable">
        <attribute name="Skeleton" value="dress/db/6d/db6dd00fb1ae59a264a5e37fd36348ff6655108d.skeleton" />
        <attribute name="Model" value="Model;dress/df/9b/df9b1723a5bfb0b13e585f0ab94f6eb8c4d984ee.mesh;clone" />
        <attribute name="MaterialName" value="name=diffalpha,specular=1 1 1 1,bumpiness=1.0,cull=none,lighting=off,renderOrder=9,zModify=0.7,diffuseLambert=1,glowScale=1.0,Texture0=dress/0c/0d/0c0d4e3d5deb034e8e357b5e639f883b603a0434.png,change_color_type=2,change_color_image=dress/37/8d/378defe457d66cd3b1cbe59114e13034f81394dc.png,change_color_config=dress/08/e4/08e4f7a0f0079ecfca10c07e523a8ed912433332.xml,change_color_count=21,change_color_index=0;name=diffnormalspPacked,specular=255 255 255 32,bumpiness=1.0,cull=none,lighting=on,renderOrder=0,zModify=0,diffuseLambert=0.0,glowScale=1.0,Texture0=dress/39/f9/39f956aa194a27cfdc4ed0aa3fb7eeb620889afc.png,Texture1=dress/72/8d/728d05eda5af8692d8c15bd8439575f422a97e09.jpg;name=diffalpha,specular=1 1 1 1,bumpiness=1.0,cull=none,lighting=on,renderOrder=10,zModify=0.8,diffuseLambert=1,glowScale=00,Texture0=dress/39/f9/39f956aa194a27cfdc4ed0aa3fb7eeb620889afc.png;name=diffalpha,specular=1 1 1 1,bumpiness=1.0,cull=none,lighting=on,renderOrder=10,zModify=0.8,diffuseLambert=1,glowScale=00,Texture0=dress/39/f9/39f956aa194a27cfdc4ed0aa3fb7eeb620889afc.png;" />
    </component>
    <component type="ProxyDeform">
        <attribute name="Object3D" value="Object3D;dress/d0/a8/d0a8d0d828e62a966835e03535c6869cb374e467.obj;clone" />
        <attribute name="VertexProxyTable" value="VertexProxyTable;dress/89/59/89592b74c3cbff6310dda53244d4c4e9574b0432.proxy" />
    </component>
    <component type="Animationable" />
</node>
