<?xml version="1.0"?>
<node><component type="Hair"><attribute name="Config File" value="dress/40/30/403020aa5a382d5c63bd977e3f9b29b4bfef9824.xml"/></component><component type="Visualable"><attribute name="Skeleton" value="dress/98/a3/98a396022541d8ffee0d5c0c418a5f3a1c184d44.skeleton"/><attribute name="Model" value="Model;dress/1d/7b/1d7b3d9dda111af4d48313f01c78b97a854b060e.mesh;clone"/><attribute name="MaterialName" value="name=diffnormalspPacked,specular=10 10 10 32,bumpiness=1.0,cull=none,lighting=on,renderOrder=0,zModify=0.8,Texture0=dress/b2/6e/b26e2238714f277a15d13b53233e426b2f1c97b4.jpg,Texture1=dress/9c/bb/9cbb9e2e77faf93d947bd3de5ef75698a0e4cc7e.jpg;name=diffnormalspPacked,specular=10 10 10 32,bumpiness=1.0,cull=none,lighting=on,renderOrder=0,zModify=0.8,Texture0=dress/b2/6e/b26e2238714f277a15d13b53233e426b2f1c97b4.jpg,Texture1=dress/9c/bb/9cbb9e2e77faf93d947bd3de5ef75698a0e4cc7e.jpg;"/></component><component type="ProxyDeform"><attribute name="Object3D" value="Object3D;dress/2c/49/2c49a0640055ebbfd90124b0ea2905007d9eb963.obj;clone"/><attribute name="VertexProxyTable" value="VertexProxyTable;dress/bd/3e/bd3e59ddf9ba672a7f1a791843780f27f20007de.proxy"/></component><component type="Animationable"/></node>
