<?xml version="1.0"?>
<node>
    <component type="Visualable">
        <attribute name="Model" value="Model;dress/90/31/9031426be635117f1fb28353d2489a2f17ee62df.mesh;clone" />
        <attribute name="MaterialName" value="name=diffnormalspPacked,specular=255 255 252 32,bumpiness=1.0,cull=none,lighting=on,renderOrder=0,zModify=0.5,Texture0=dress/b5/3f/b53f77c1b30d8a4e75f91e15dfe85ea1a9d2a688.jpg,Texture1=dress/83/f7/83f73827e69d18da22386b1e841fbd8f5b986666.jpg;" />
    </component>
    <component type="ProxyDeform">
        <attribute name="Object3D" value="Object3D;dress/4d/b3/4db328f22754cbf43fba848f1cf699f220b7cbfd.obj;clone" />
        <attribute name="VertexProxyTable" value="VertexProxyTable;dress/47/8d/478d9a5648af0d06ffbaeb01f25eba3a86ac53ed.proxy" />
    </component>
    <component type="Animationable" />
</node>
