<?xml version="1.0"?>
<node>
    <component type="Visualable">
        <attribute name="Model" value="Model;dress/e8/a9/e8a9b3765e2b76c3203228674b962aae95236c12.mesh;clone" />
        <attribute name="MaterialName" value="name=diffnormalspPacked,specular=255 255 255 32,bumpiness=1.0,cull=none,lighting=on,renderOrder=0,zModify=0.5,Texture0=dress/96/37/9637047cf475cf85868eec498835f7f5b567a7ee.jpg,Texture1=dress/f1/a6/f1a6d495487abbfbdcb6edbe59c3586aae6f4482.jpg,change_color_type=1,change_color_image=dress/e5/1f/e51f1470d162af210ddf803c7d5902a3d2245648.jpg,change_color_config=dress/c8/d1/c8d1ae07a230e7c8b355a5fe08351c6f8b0852fc.xml,change_color_index=0;" />
    </component>
    <component type="ProxyDeform">
        <attribute name="Object3D" value="Object3D;dress/12/28/1228d95da17bdf44a07f6036086a1764ad850248.obj;clone" />
        <attribute name="VertexProxyTable" value="VertexProxyTable;dress/e7/45/e74565ea706f42d5408f3abc099b2aa01e2f0dfd.proxy" />
    </component>
    <component type="Animationable" />
</node>
