<?xml version="1.0"?>
<node>
    <component type="Visualable">
        <attribute name="Model" value="Model;dress/e5/d0/e5d0dd5b3e9b750145a2b5e8d9d51eff48c8ae3b.mesh;clone" />
        <attribute name="MaterialName" value="name=diffalpha,specular=1 1 1 32,bumpiness=1.0,cull=none,lighting=off,renderOrder=6,zModify=0.5,diffuseLambert=0.0,Texture0=dress/22/9d/229d5ad1ca0ee81ac46b451f10e24d54a220b245.png,change_color_type=2,change_color_image=dress/37/8d/378defe457d66cd3b1cbe59114e13034f81394dc.png,change_color_config=dress/08/e4/08e4f7a0f0079ecfca10c07e523a8ed912433332.xml,change_color_count=21,change_color_index=0;name=diff,specular=1 1 1 32,bumpiness=1.0,cull=none,lighting=off,renderOrder=3,zModify=0.3,diffuseLambert=0.0,Texture0=dress/22/9d/229d5ad1ca0ee81ac46b451f10e24d54a220b245.png,change_color_type=2,change_color_image=dress/37/8d/378defe457d66cd3b1cbe59114e13034f81394dc.png,change_color_config=dress/08/e4/08e4f7a0f0079ecfca10c07e523a8ed912433332.xml,change_color_count=21,change_color_index=0;" />
    </component>
    <component type="ProxyDeform">
        <attribute name="Object3D" value="Object3D;dress/e3/d2/e3d2c7258338144eb7910eb1a54e49e1a59f0d3e.obj;clone" />
        <attribute name="VertexProxyTable" value="VertexProxyTable;dress/c3/16/c316b3b74ac080148b783fd1ea44481947a02ebd.proxy" />
    </component>
    <component type="Animationable" />
</node>
