<?xml version="1.0"?>
<node>
    <component type="Visualable">
        <attribute name="Model" value="Model;dress/a6/a6/a6a68244e56917c17b1e70000d5c061103606205.mesh;clone" />
        <attribute name="MaterialName" value="name=diffalpha,specular=255 255 255 32,bumpiness=1.0,cull=none,lighting=on,renderOrder=0,zModify=0.4,diffuseLambert=0.0,glowScale=1.0,Texture0=dress/f8/ec/f8eca0f8b3f94bd6fbad70d7919a04d89d282364.png,change_color_type=2,change_color_image=dress/37/8d/378defe457d66cd3b1cbe59114e13034f81394dc.png,change_color_config=dress/08/e4/08e4f7a0f0079ecfca10c07e523a8ed912433332.xml,change_color_count=21,change_color_index=0;name=diff,specular=5 5 5 10,bumpiness=1.0,cull=none,lighting=on,renderOrder=0,zModify=0.6,diffuseLambert=0.0,glowScale=1.0,Texture0=dress/f8/ec/f8eca0f8b3f94bd6fbad70d7919a04d89d282364.png;" />
    </component>
    <component type="ProxyDeform">
        <attribute name="Object3D" value="Object3D;dress/f1/1a/f11adc6ef7daae7aa4c1a0867594e36ad9392771.obj;clone" />
        <attribute name="VertexProxyTable" value="VertexProxyTable;dress/26/4a/264a6073d52e28b5dd029d70ac6b6e56be8ec628.proxy" />
    </component>
    <component type="Animationable" />
</node>
