<?xml version="1.0"?>
<node>
    <component type="Visualable">
        <attribute name="Model" value="Model;dress/78/06/7806ccc5ac24509f6eed81df381743320ed97af1.mesh;clone" />
        <attribute name="MaterialName" value="name=diffalpha,specular=1 1 1 32,bumpiness=1.0,cull=none,lighting=on,renderOrder=0,zModify=0.5,Texture0=dress/6d/c8/6dc893aa637302038cfd463295a9ff659fff6082.png,change_color_type=2,change_color_image=dress/37/8d/378defe457d66cd3b1cbe59114e13034f81394dc.png,change_color_config=dress/08/e4/08e4f7a0f0079ecfca10c07e523a8ed912433332.xml,change_color_count=21,change_color_index=0;name=diff,specular=1 1 1 32,bumpiness=1.0,cull=none,lighting=on,renderOrder=0,zModify=0.5,Texture0=dress/6d/c8/6dc893aa637302038cfd463295a9ff659fff6082.png,change_color_type=2,change_color_image=dress/37/8d/378defe457d66cd3b1cbe59114e13034f81394dc.png,change_color_config=dress/08/e4/08e4f7a0f0079ecfca10c07e523a8ed912433332.xml,change_color_count=21,change_color_index=0;" />
    </component>
    <component type="ProxyDeform">
        <attribute name="Object3D" value="Object3D;dress/ec/6e/ec6e2519521e12d5cbeb93181ce5c0e886d32656.obj;clone" />
        <attribute name="VertexProxyTable" value="VertexProxyTable;dress/aa/6a/aa6a10e5043a1b69a68c99cd6e8cde83d9503920.proxy" />
    </component>
    <component type="Animationable" />
</node>
