<?xml version="1.0"?>
<node>
    <component type="Visualable">
        <attribute name="Model" value="Model;dress/25/1a/251a91fcafaf78c41d00ce6c2225c8077e93caa6.mesh;clone" />
        <attribute name="MaterialName" value="name=diffalpha,specular=1 1 1 32,bumpiness=1.0,cull=none,lighting=off,renderOrder=10,zModify=0.6,Texture0=dress/fc/e5/fce5040c03f0567c805a54e79531e8cac1aa2f7a.png,change_color_type=2,change_color_image=dress/37/8d/378defe457d66cd3b1cbe59114e13034f81394dc.png,change_color_config=dress/08/e4/08e4f7a0f0079ecfca10c07e523a8ed912433332.xml,change_color_count=21,change_color_index=0;" />
    </component>
    <component type="ProxyDeform">
        <attribute name="Object3D" value="Object3D;dress/ea/92/ea928ad44f0e66f6f67f3140c2a5c3b9041acc56.obj;clone" />
        <attribute name="VertexProxyTable" value="VertexProxyTable;dress/cb/52/cb527aedbb4c65bcf71e5d5e7527e46a85f4c823.proxy" />
    </component>
    <component type="Animationable" />
</node>
