<?xml version="1.0"?>
<node><component type="Hair"><attribute name="Config File" value="dress/8c/58/8c58367b02ee28c029a3903e56a034ba540eb1e2.xml"/></component><component type="Visualable"><attribute name="Skeleton" value="dress/ae/5e/ae5e12f8a153c10ab8eaf2410e4ba627c83a4b1b.skeleton"/><attribute name="Model" value="Model;dress/a3/eb/a3eb50e0d233ccf7f46c100a58dac30f5bc9916a.mesh;clone"/><attribute name="MaterialName" value="name=diffnormalspPacked,specular=255 255 255 32,bumpiness=1.0,cull=none,lighting=on,renderOrder=0,zModify=0.8,Texture0=dress/12/a2/12a2179831c3add93b5be7f4c4ecb7b81c9535dd.png,Texture1=dress/bc/e0/bce035d3fb8a8c942c4cd0c0d73999822e3ca214.jpg;name=diffnormalspPackedalpha,specular=1 1 1 32,bumpiness=1.0,cull=none,lighting=on,renderOrder=0,zModify=0.8,Texture0=dress/12/a2/12a2179831c3add93b5be7f4c4ecb7b81c9535dd.png,Texture1=dress/bc/e0/bce035d3fb8a8c942c4cd0c0d73999822e3ca214.jpg;"/></component><component type="ProxyDeform"><attribute name="Object3D" value="Object3D;dress/eb/c0/ebc0667618e970e396ea5c284f4de0ba3731f41a.obj;clone"/><attribute name="VertexProxyTable" value="VertexProxyTable;dress/bb/bf/bbbfb9992a6dd7e75ef994ed9bca77d548136439.proxy"/></component><component type="Animationable"/></node>
