<?xml version="1.0"?>
<node>
    <component type="Visualable">
        <attribute name="Model" value="Model;dress/66/a1/66a1bef6012f37e069d62182c3f374bf42347764.mesh;clone" />
        <attribute name="MaterialName" value="name=diffnormalspPacked,specular=100 100 100 32,bumpiness=1.0,cull=none,lighting=on,renderOrder=0,zModify=0.6,Texture0=dress/83/91/8391c8ffb6f574b28bdf60ddf07b4d28a7778e54.jpg,Texture1=dress/a2/52/a252db3577394492c34e33fe39b5a43c8db2fc35.jpg;name=diffnormalspPackedalpha,specular=100 100 100 32,bumpiness=1.0,cull=none,lighting=on,renderOrder=0,zModify=0.6,Texture0=dress/15/5b/155ba9c8b3c5ee45c953ae5f818d3fbb7b9b8e44.png,Texture1=dress/a2/52/a252db3577394492c34e33fe39b5a43c8db2fc35.jpg;" />
    </component>
    <component type="ProxyDeform">
        <attribute name="Object3D" value="Object3D;dress/17/26/1726a844d5d290777463b3bc25d71e3660de5788.obj;clone" />
        <attribute name="VertexProxyTable" value="VertexProxyTable;dress/4b/54/4b540cd5b811b893341e9e226e80190e082b8e20.proxy" />
    </component>
    <component type="Animationable" />
</node>
