<?xml version="1.0"?>
<node><component type="Visualable"><attribute name="Model" value="Model;dress/c6/b8/c6b8ef35e558754e70cb84d4a59158e56222d285.mesh;clone"/><attribute name="MaterialName" value="name=diffnormalspPacked,specular=255 255 255 32,bumpiness=1.0,cull=none,lighting=on,renderOrder=0,zModify=0.2,Texture0=dress/7a/e1/7ae14c836378592ffcc156def60ad8183741e383.jpg,Texture1=dress/f7/7a/f77ad0c3af9754bd703981878516e83e13c2e396.jpg;"/></component><component type="ProxyDeform"><attribute name="Object3D" value="Object3D;dress/ee/3b/ee3bdac3edf00a1f742ef9e627511cfdf0d4d7a9.obj;clone"/><attribute name="VertexProxyTable" value="VertexProxyTable;dress/39/0e/390ee004f4b7c52b084bf27aaafa84aba06aca62.proxy"/></component><component type="Animationable"/></node>
