<?xml version="1.0"?>
<node>
    <component type="Visualable">
        <attribute name="Model" value="Model;dress/ed/be/edbe4eeef199aab541bc574572d7af41b4175bf3.mesh;clone" />
        <attribute name="MaterialName" value="name=diffnormalspPacked,specular=100 100 100 32,bumpiness=1.0,cull=none,lighting=on,renderOrder=0,zModify=0.6,diffuseLambert=0.5,glowScale=0,Texture0=dress/78/f3/78f39b346d2e3482c7bfde37fdf07626ba630701.jpg,Texture1=dress/c0/f0/c0f06e24c02cc1d761028d7092e9ce79d400498e.jpg;" />
    </component>
    <component type="ProxyDeform">
        <attribute name="Object3D" value="Object3D;dress/9e/e8/9ee8b0e56d9f19c668b0cd48bdfbebcdc25a87ab.obj;clone" />
        <attribute name="VertexProxyTable" value="VertexProxyTable;dress/6f/83/6f8397f7b30edf77ae3688a8386f90260aa8c4ef.proxy" />
    </component>
    <component type="Animationable" />
</node>
