<?xml version="1.0"?>
<node>
    <component type="Hair">
        <attribute name="Config File" value="dress/31/0f/310f92cb48651df6b57c00f9503296d980973bca.xml" />
    </component>
    <component type="Visualable">
        <attribute name="Skeleton" value="dress/ee/0e/ee0ee9ea352f574ebb80c639b4c8e26a4a98e30e.skeleton" />
        <attribute name="Model" value="Model;dress/3d/f4/3df44d9440cb2f43b8a21397a294b4657f511c87.mesh;clone" />
        <attribute name="MaterialName" value="name=diff,specular=1 1 1 1,bumpiness=1.0,cull=none,lighting=on,renderOrder=0,zModify=0.8,Texture0=dress/ac/c0/acc0f8842536aa48ebf7cacecf4e2b25ad2e6ddd.jpg;" />
    </component>
    <component type="ProxyDeform">
        <attribute name="Object3D" value="Object3D;dress/17/39/17393c1812109c16a36249a48eb5740027d1cb91.obj;clone" />
        <attribute name="VertexProxyTable" value="VertexProxyTable;dress/de/b8/deb8d8676e9b85bad2184915bbb35d6d813890ea.proxy" />
    </component>
    <component type="Animationable" />
</node>
