<?xml version="1.0"?>
<node><component type="Visualable"><attribute name="Model" value="Model;dress/1e/f4/1ef4137f0611ccab871859486d80049253d18907.mesh;clone"/><attribute name="MaterialName" value="name=diffnormalspPacked,specular=120 120 120 32,bumpiness=1.0,cull=none,lighting=on,renderOrder=0,zModify=0.8,Texture0=dress/05/19/0519470ff9b7af5f010a2f217b5abba946daedf6.jpg,Texture1=dress/04/95/04955db32c4f0730c34c3c31d8085b200dfad68c.jpg;name=diffnormalspPackedalpha,specular=120 120 120 32,bumpiness=1.0,cull=none,lighting=on,renderOrder=0,zModify=0.9,Texture0=dress/37/d7/37d7f1844ce67cdbcc4c8768cfb19b59a1522d73.png,Texture1=dress/04/95/04955db32c4f0730c34c3c31d8085b200dfad68c.jpg;name=diffnormalspPacked,specular=120 120 120 32,bumpiness=1.0,cull=none,lighting=on,renderOrder=20,zModify=0.9,Texture0=dress/05/19/0519470ff9b7af5f010a2f217b5abba946daedf6.jpg,Texture1=dress/04/95/04955db32c4f0730c34c3c31d8085b200dfad68c.jpg;"/></component><component type="ProxyDeform"><attribute name="Object3D" value="Object3D;dress/db/d7/dbd7764befa57d82039c603e344dac057d54994a.obj;clone"/><attribute name="VertexProxyTable" value="VertexProxyTable;dress/dc/83/dc833ac3c29e45f9ac454becba62518b83af3bb1.proxy"/></component><component type="Animationable"/></node>
