<?xml version="1.0"?>
<node><component type="Visualable"><attribute name="Model" value="Model;dress/04/08/0408aae2fd6ff419e8700fec24208749e6d334d8.mesh;clone"/><attribute name="MaterialName" value="name=diffnormalspPacked,specular=50 50 50 32,bumpiness=1.0,cull=none,lighting=on,renderOrder=0,zModify=0.8,Texture0=dress/b8/cb/b8cbd0ebd7fbdaeed41d426aa098b2b08c8c57cb.jpg,Texture1=dress/90/0c/900c074f2fa781bfb7de9b4406f6ebb6f0cbd973.jpg;"/></component><component type="ProxyDeform"><attribute name="Object3D" value="Object3D;dress/c8/85/c885dbb474117129b930cd1bfb78b10b640f7972.obj;clone"/><attribute name="VertexProxyTable" value="VertexProxyTable;dress/5b/51/5b5114f8bbdcbf5ca6459c88b5c9e46b6bcc763f.proxy"/></component><component type="Animationable"/></node>
