<?xml version="1.0"?>
<node><component type="Visualable"><attribute name="Model" value="Model;dress/70/5c/705c6d3cc2e0125da03139a71fd7c6da48def71d.mesh;clone"/><attribute name="MaterialName" value="name=diffnormalspPacked,specular=100 100 100 32,bumpiness=1.0,cull=none,lighting=on,renderOrder=0,zModify=0.8,Texture0=dress/50/fa/50fafeb14c7d0a83c9059682575b03d5de1c7326.jpg,Texture1=dress/09/a6/09a6800c81c3c305cb1b4ad7a926801886d32644.jpg;"/></component><component type="ProxyDeform"><attribute name="Object3D" value="Object3D;dress/13/df/13dfa4f57cb228bee5f343b700f0cf2b8cd4f620.obj;clone"/><attribute name="VertexProxyTable" value="VertexProxyTable;dress/e8/50/e85072962cf2fd155f6bd822c2ea9d52b4d7d678.proxy"/></component><component type="Animationable"/></node>
