<?xml version="1.0"?>
<node>
    <component type="Hair">
        <attribute name="Config File" value="dress/11/a2/11a209130bf352014adce0fcb5ba8234bb79e453.xml" />
    </component>
    <component type="Visualable">
        <attribute name="Skeleton" value="dress/2b/21/2b21a9baa4500f8b8eb4bf07a98f922ee8798a6c.skeleton" />
        <attribute name="Model" value="Model;dress/e8/f1/e8f1cc45476b133caabb6b8e3b1abc277bde5dd8.mesh;clone" />
        <attribute name="MaterialName" value="name=diffnormalspPacked,specular=180 180 180 32,bumpiness=1.0,cull=none,lighting=on,renderOrder=0,zModify=1.0,Texture0=dress/ad/12/ad12e52cb4caee9ac945bd5b7d7feee5f571e122.jpg,Texture1=dress/69/5b/695bb59ab583df43690bd2f337993cc50d3c56e5.jpg;" />
    </component>
    <component type="ProxyDeform">
        <attribute name="Object3D" value="Object3D;dress/7e/40/7e40aefdc19b4c8db6df5096b527de940694b272.obj;clone" />
        <attribute name="VertexProxyTable" value="VertexProxyTable;dress/64/3a/643a124df819f7689d20e563e18a5ebcc1bbbfb3.proxy" />
    </component>
    <component type="Animationable" />
</node>
