<?xml version="1.0"?>
<node>
    <component type="Hair">
        <attribute name="Config File" value="dress/5b/23/5b23412824e311398e491f3780838802247674b6.xml" />
    </component>
    <component type="Visualable">
        <attribute name="Skeleton" value="dress/d4/ca/d4ca895c683b6f7a0d3633fd549b43f61e13b121.skeleton" />
        <attribute name="Model" value="Model;dress/18/b9/18b9b129c6258891fdeb5f463f3a7fd2e94f96a9.mesh;clone" />
        <attribute name="MaterialName" value="name=diffalpha,specular=1 1 1 32,bumpiness=1.0,cull=none,lighting=off,renderOrder=15,zModify=0.2,Texture0=dress/b9/7c/b97c66edccc36aa31890413c3890c419ce140fc4.png,change_color_type=2,change_color_image=dress/37/8d/378defe457d66cd3b1cbe59114e13034f81394dc.png,change_color_config=dress/08/e4/08e4f7a0f0079ecfca10c07e523a8ed912433332.xml,change_color_index=0;name=diff,specular=1 1 1 32,bumpiness=1.0,cull=none,lighting=off,renderOrder=15,zModify=0.2,Texture0=dress/b9/7c/b97c66edccc36aa31890413c3890c419ce140fc4.png,change_color_type=2,change_color_image=dress/37/8d/378defe457d66cd3b1cbe59114e13034f81394dc.png,change_color_config=dress/08/e4/08e4f7a0f0079ecfca10c07e523a8ed912433332.xml,change_color_count=21,change_color_index=0;name=diff,specular=1 1 1 32,bumpiness=1.0,cull=none,lighting=off,renderOrder=10,zModify=0.2,Texture0=dress/b9/7c/b97c66edccc36aa31890413c3890c419ce140fc4.png;name=diffnormalspalpha,specular=1 1 1 32,bumpiness=1.0,cull=none,lighting=on,renderOrder=10,zModify=0.2,Texture0=dress/b9/7c/b97c66edccc36aa31890413c3890c419ce140fc4.png;" />
    </component>
    <component type="ProxyDeform">
        <attribute name="Object3D" value="Object3D;dress/64/a0/64a07c883d731bbdc6a861a2a834a3b7c36f5729.obj;clone" />
        <attribute name="VertexProxyTable" value="VertexProxyTable;dress/67/26/6726362b3fcae003673f949eb2d3585dac93ab51.proxy" />
    </component>
    <component type="Animationable" />
</node>
