<?xml version="1.0"?>
<node>
    <component type="Visualable">
        <attribute name="Model" value="Model;dress/ac/04/ac04ea112542125874114f9ecb1e02100efb86ca.mesh;clone" />
        <attribute name="MaterialName" value="name=diffnormalspPackedalpha,specular=1 1 1 1,bumpiness=1.0,cull=none,lighting=on,renderOrder=0,zModify=0.4,Texture0=dress/bf/6c/bf6c1174a000eacc78b12c7e4f68b283646c5a18.png,Texture1=dress/49/25/492571297da979f0c3748d39a995c53fb9a2a3a1.jpg;" />
    </component>
    <component type="ProxyDeform">
        <attribute name="Object3D" value="Object3D;dress/89/ed/89ed20e2e61536752fbf64bfc068369e97cfc186.obj;clone" />
        <attribute name="VertexProxyTable" value="VertexProxyTable;dress/8b/79/8b795ae7b499becb94bf67733f4fad943d408f76.proxy" />
    </component>
    <component type="Animationable" />
</node>
