<?xml version="1.0"?>
<node><component type="Visualable"><attribute name="Model" value="Model;dress/96/3a/963ac5b591fa9199a4edf33a93e8f469e7464cc7.mesh;clone"/><attribute name="MaterialName" value="name=diffnormalspPacked,specular=255 255 255 32,bumpiness=1.0,cull=none,lighting=on,renderOrder=0,zModify=0.4,Texture0=dress/13/5f/135f990f1df3c2838b92d4e4a63f80371301db6c.jpg,Texture1=dress/7d/23/7d23730ce6a10d2c035835dc5eb727fafd281126.jpg;"/></component><component type="ProxyDeform"><attribute name="Object3D" value="Object3D;dress/8b/cb/8bcb567e75e5acb135763a1366279e865fab0c3d.obj;clone"/><attribute name="VertexProxyTable" value="VertexProxyTable;dress/50/78/507897e4d122c968ee47542477469f6f56def23b.proxy"/></component><component type="Animationable"/></node>
