<?xml version="1.0"?>
<node><component type="Visualable"><attribute name="Model" value="Model;dress/9a/6c/9a6c280a0cba99a14da07cdd64805b1ea5a2acc5.mesh;clone"/><attribute name="MaterialName" value="name=diffnormalspPacked,specular=255 255 255 32,bumpiness=1.0,cull=none,lighting=on,renderOrder=0,zModify=0.7,Texture0=dress/94/18/9418074837312000435f45b6fd3a0086cc76a51b.jpg,Texture1=dress/3f/78/3f780825009f7b399a80abb8a04c93ee394065e2.jpg;name=diffnormalspPackedalpha,specular=255 255 255 32,bumpiness=1.0,cull=none,lighting=on,renderOrder=10,zModify=0.7,Texture0=dress/c4/fb/c4fb6bdc8a76fc049bc9620ee7fc196ee2fd9edb.png,Texture1=dress/3f/78/3f780825009f7b399a80abb8a04c93ee394065e2.jpg;"/></component><component type="ProxyDeform"><attribute name="Object3D" value="Object3D;dress/84/14/84147507cdbc31174aade577221f2a6e41784d4d.obj;clone"/><attribute name="VertexProxyTable" value="VertexProxyTable;dress/40/f2/40f232961cc2c88e4533aa8b30d9b0cbe73adda0.proxy"/></component><component type="Animationable"/></node>
