<?xml version="1.0"?>
<node><component type="Visualable"><attribute name="Model" value="Model;dress/f2/58/f25820ff444d3237f8d7791ffabc81138759cbec.mesh;clone"/><attribute name="MaterialName" value="name=diffnormalspPacked,specular=10 10 10 10,bumpiness=1.0,cull=none,lighting=on,renderOrder=0,zModify=0.8,Texture0=dress/32/30/32308d003993ae3c27543cd040cacdf6a0a1d8f9.jpg,Texture1=dress/98/25/9825cbe867081e6e46642960efff70a04e461628.jpg;"/></component><component type="ProxyDeform"><attribute name="Object3D" value="Object3D;dress/a1/dd/a1dd1346c9d7848773cffba7f5d36b6f1eeec9a2.obj;clone"/><attribute name="VertexProxyTable" value="VertexProxyTable;dress/cf/13/cf132c7a3137151a0cac510c54c25c1249432440.proxy"/></component><component type="Animationable"/></node>
