<?xml version="1.0"?>
<node>
    <component type="Hair">
        <attribute name="Config File" value="dress/a6/f7/a6f7e5e23a7eb8ec68319109e1cf74817f6a6326.xml" />
    </component>
    <component type="Visualable">
        <attribute name="Skeleton" value="dress/67/2a/672aeb359b6b1a744bdf48e9785d9036fae516b1.skeleton" />
        <attribute name="Model" value="Model;dress/43/1f/431f2b9ba9b76864e243bdffef74c5c431faf7be.mesh;clone" />
        <attribute name="MaterialName" value="name=diffalpha,specular=1 1 1 32,bumpiness=1.0,cull=none,lighting=off,renderOrder=10,zModify=0.8,diffuseLambert=0.0,glowScale=1.0,Texture0=dress/a2/ce/a2ce8c7930996d9237a4e45524f1309669299cb9.png,change_color_type=2,change_color_image=dress/37/8d/378defe457d66cd3b1cbe59114e13034f81394dc.png,change_color_config=dress/08/e4/08e4f7a0f0079ecfca10c07e523a8ed912433332.xml,change_color_count=21,change_color_index=0;name=diff,specular=1 1 1 32,bumpiness=1.0,cull=none,lighting=off,renderOrder=0,zModify=0.6,diffuseLambert=0.0,glowScale=1.0,Texture0=dress/a2/ce/a2ce8c7930996d9237a4e45524f1309669299cb9.png,change_color_type=2,change_color_image=dress/37/8d/378defe457d66cd3b1cbe59114e13034f81394dc.png,change_color_config=dress/08/e4/08e4f7a0f0079ecfca10c07e523a8ed912433332.xml,change_color_count=21,change_color_index=0;" />
    </component>
    <component type="ProxyDeform">
        <attribute name="Object3D" value="Object3D;dress/84/c0/84c0e89ecc4b3c07300d5b1b8bdebfedbffea0f1.obj;clone" />
        <attribute name="VertexProxyTable" value="VertexProxyTable;dress/bf/29/bf29aa7f499b35422aa7ef35fbbfcd205761a2a7.proxy" />
    </component>
    <component type="Animationable" />
</node>
