<?xml version="1.0"?>
<node>
    <component type="Visualable">
        <attribute name="Model" value="Model;dress/00/7b/007becac83881719b0e1841c6f5220a9726dc7bd.mesh;clone" />
        <attribute name="MaterialName" value="name=diffnormalspPacked,specular=255 255 255 32,bumpiness=1.0,cull=none,lighting=on,renderOrder=0,zModify=0.4,Texture0=dress/ff/7f/ff7fd4eb12d22a51d1f8365f4671ab19f1e3e1b6.png,Texture1=dress/de/83/de83d13ead8b96491ebd6f90fe6700dd3b21ac35.png;" />
    </component>
    <component type="ProxyDeform">
        <attribute name="Object3D" value="Object3D;dress/69/d0/69d07aab5a24ebf8ef5e0a918259436c1844cb52.obj;clone" />
        <attribute name="VertexProxyTable" value="VertexProxyTable;dress/33/b7/33b77b1e428c859dbfc8ac50d857ae0c37ca5f1c.proxy" />
    </component>
    <component type="Animationable" />
</node>
