<?xml version="1.0"?>
<node>
    <component type="Visualable">
        <attribute name="Model" value="Model;dress/56/dc/56dc26d1d593f1dfe8da956f455a303d2d12ac2a.mesh;clone" />
        <attribute name="MaterialName" value="name=diffnormalspPacked,specular=1 1 1 1,bumpiness=1.0,cull=none,lighting=on,renderOrder=0,zModify=0.8,Texture0=dress/52/9f/529f01201848937d96921aa5e97fb18e7dc2ac57.jpg,Texture1=dress/0b/fa/0bfac80e56dd72e5a04db5db81cd87a27a6501c1.jpg;" />
    </component>
    <component type="ProxyDeform">
        <attribute name="Object3D" value="Object3D;dress/bc/a7/bca7c9531153f86bbd44db2279f408a8660b0e7a.obj;clone" />
        <attribute name="VertexProxyTable" value="VertexProxyTable;dress/4a/64/4a64552f88e6f39234c0c0b5d9fbcb2cc1216c09.proxy" />
    </component>
    <component type="Animationable" />
</node>
