<?xml version="1.0"?>
<node>
    <component type="Visualable">
        <attribute name="Model" value="Model;dress/d4/2a/d42a23f0c4a5f23f7e9352b39596eadbd80e0fc4.mesh;clone" />
        <attribute name="MaterialName" value="name=diffnormalspPacked,specular=255 255 255 32,bumpiness=1.0,cull=none,lighting=on,renderOrder=0,zModify=0.5,Texture0=dress/8e/42/8e42c4516d8577a50b20f0e7be57ca3a15d0a301.jpg,Texture1=dress/65/e1/65e18de8eafc1ff0eff739f09d12b25637bf3673.jpg;" />
    </component>
    <component type="ProxyDeform">
        <attribute name="Object3D" value="Object3D;dress/ef/88/ef8817958d720a5b888cace9613dc453c5161e04.obj;clone" />
        <attribute name="VertexProxyTable" value="VertexProxyTable;dress/83/5d/835d68c779b0fc5ee6f45f2571cae4232dbbc772.proxy" />
    </component>
    <component type="Animationable" />
</node>
