<?xml version="1.0"?>
<node>
    <component type="Hair">
        <attribute name="Config File" value="dress/54/64/5464eabe8327074e253741c71f5e8e7d56d94a7b.xml" />
    </component>
    <component type="Visualable">
        <attribute name="Skeleton" value="dress/1e/66/1e661ca9bcff69b0be2992ff2a72b243c14d3faa.skeleton" />
        <attribute name="Model" value="Model;dress/df/0f/df0fa421dd4077b401c48c71275f603dcc33745a.mesh;clone" />
        <attribute name="MaterialName" value="name=diffnormalspPacked,specular=175 175 175 32,bumpiness=1.0,cull=none,lighting=on,renderOrder=0,zModify=0.6,diffuseLambert=0.4,glowScale=1.0,Texture0=dress/9a/ca/9aca948e9405ab0cb194676245775583e17fc321.jpg,Texture1=dress/83/c9/83c98c407b24aa20b075a7548ce45ead7613f732.jpg;name=diffnormalspPackedalpha,specular=75 75 75 32,bumpiness=1.0,cull=none,lighting=on,renderOrder=10,zModify=0.8,diffuseLambert=0.4,glowScale=1.0,Texture0=dress/d4/68/d468b5b7b92e77dc5be6e8632a903ac8c79799b4.png,Texture1=dress/f0/5f/f05f8497c59147107a8d31db9b6a78164fa33bc2.jpg;name=diffnormalspPacked,specular=255 255 255 32,bumpiness=1.0,cull=none,lighting=on,renderOrder=10,zModify=1,diffuseLambert=0.0,glowScale=1.0,Texture0=dress/9a/ca/9aca948e9405ab0cb194676245775583e17fc321.jpg,Texture1=dress/f0/5f/f05f8497c59147107a8d31db9b6a78164fa33bc2.jpg;" />
    </component>
    <component type="ProxyDeform">
        <attribute name="Object3D" value="Object3D;dress/13/ae/13ae025004e03464d671cb2deb9e174598f347db.obj;clone" />
        <attribute name="VertexProxyTable" value="VertexProxyTable;dress/63/bd/63bd4e25e8951ee1ded9b918487056f97a113ec7.proxy" />
    </component>
    <component type="Animationable" />
</node>
