<?xml version="1.0"?>
<node><component type="Visualable"><attribute name="Model" value="Model;dress/41/cc/41ccebb80a8d65ffbaf01c0b14ac76ccb0b5419c.mesh;clone"/><attribute name="MaterialName" value="name=diffnormalspPacked,specular=10 10 10 10,bumpiness=1.0,cull=none,lighting=on,renderOrder=0,zModify=1,Texture0=dress/e3/61/e3618223ec32c11f3ffba5dea73ef0d0537c5648.jpg,Texture1=dress/fd/eb/fdeba02c1600506637e0115bcf83ec2c288296ed.jpg;"/></component><component type="ProxyDeform"><attribute name="Object3D" value="Object3D;dress/39/98/399868f24076292807235271712a55f7a3a4c86a.obj;clone"/><attribute name="VertexProxyTable" value="VertexProxyTable;dress/20/e1/20e1dbda702a8b28efa1c0036552f09913736243.proxy"/></component><component type="Animationable"/></node>
