<?xml version="1.0"?>
<node>
    <component type="Hair">
        <attribute name="Config File" value="dress/47/88/47884c20a320981410e49fffed88ee7cfc63f0a4.xml" />
    </component>
    <component type="Visualable">
        <attribute name="Skeleton" value="dress/b1/0c/b10cfa3827c5e043331e57deb0b5380cc1817c73.skeleton" />
        <attribute name="Model" value="Model;dress/00/e2/00e2fc30345161267f43a30c14cfc0ae47dd0aed.mesh;clone" />
        <attribute name="MaterialName" value="name=diffalpha,specular=1 1 1 1,bumpiness=1.0,cull=none,lighting=on,renderOrder=0,zModify=0.4,diffuseLambert=0.0,glowScale=1.0,Texture0=dress/a5/4e/a54e68417d1cac5c488334391bc464cf293f7df7.png;name=diffalpha,specular=1 1 1 1,bumpiness=1.0,cull=none,lighting=on,renderOrder=10,zModify=0.8,diffuseLambert=0.0,glowScale=1.0,Texture0=dress/a5/4e/a54e68417d1cac5c488334391bc464cf293f7df7.png,change_color_type=2,change_color_image=dress/37/8d/378defe457d66cd3b1cbe59114e13034f81394dc.png,change_color_config=dress/08/e4/08e4f7a0f0079ecfca10c07e523a8ed912433332.xml,change_color_count=21,change_color_index=0;name=diff,specular=1 1 1 1,bumpiness=1.0,cull=none,lighting=on,renderOrder=0,zModify=0.4,diffuseLambert=0.0,glowScale=1.0,Texture0=dress/a5/4e/a54e68417d1cac5c488334391bc464cf293f7df7.png,change_color_type=2,change_color_image=dress/37/8d/378defe457d66cd3b1cbe59114e13034f81394dc.png,change_color_config=dress/08/e4/08e4f7a0f0079ecfca10c07e523a8ed912433332.xml,change_color_count=21,change_color_index=0;" />
    </component>
    <component type="ProxyDeform">
        <attribute name="Object3D" value="Object3D;dress/32/0b/320ba3b4938f14dc9d03e206de8d8f1f3bf6f8b6.obj;clone" />
        <attribute name="VertexProxyTable" value="VertexProxyTable;dress/f9/5b/f95bab6bcfff8ebd57f0d315125c3915540e7936.proxy" />
    </component>
    <component type="Animationable" />
</node>
