<?xml version="1.0"?>
<node>
    <component type="Hair">
        <attribute name="Config File" value="dress/8a/2c/8a2cb7a3e1f82a1777d7d2a6ecfcad19b017eff0.xml" />
    </component>
    <component type="Visualable">
        <attribute name="Skeleton" value="dress/21/ba/21ba14fa71140afd8c31eecae0061400b38737e8.skeleton" />
        <attribute name="Model" value="Model;dress/6e/1f/6e1f943ade3754f8a09806e91a71db2ff2667ac9.mesh;clone" />
        <attribute name="MaterialName" value="name=diffalpha,specular=1 1 1 32,bumpiness=1.0,cull=none,lighting=off,renderOrder=15,zModify=0.8,diffuseLambert=0.0,glowScale=1.0,Texture0=dress/e7/14/e7149e58ff773837b5b607670154f4478e916c15.png,change_color_type=2,change_color_image=dress/37/8d/378defe457d66cd3b1cbe59114e13034f81394dc.png,change_color_config=dress/08/e4/08e4f7a0f0079ecfca10c07e523a8ed912433332.xml,change_color_count=21,change_color_index=0;name=diff,specular=1 1 1 32,bumpiness=1.0,cull=none,lighting=off,renderOrder=10,zModify=0.8,diffuseLambert=0.0,glowScale=1.0,Texture0=dress/ec/f2/ecf2b78dfc6f895b193459afe189f4b87555d1a9.jpg,change_color_type=2,change_color_image=dress/37/8d/378defe457d66cd3b1cbe59114e13034f81394dc.png,change_color_config=dress/08/e4/08e4f7a0f0079ecfca10c07e523a8ed912433332.xml,change_color_count=21,change_color_index=0;name=diffalpha,specular=1 1 1 32,bumpiness=1.0,cull=none,lighting=off,renderOrder=0,zModify=0.6,diffuseLambert=0.0,glowScale=1.0,Texture0=dress/e7/14/e7149e58ff773837b5b607670154f4478e916c15.png;" />
    </component>
    <component type="ProxyDeform">
        <attribute name="Object3D" value="Object3D;dress/c3/6d/c36da185af34801a45e00d3b9e10085042b3e19e.obj;clone" />
        <attribute name="VertexProxyTable" value="VertexProxyTable;dress/72/ea/72ea57d1a3e19576ff190dcd11395492e00b498d.proxy" />
    </component>
    <component type="Animationable" />
</node>
