<?xml version="1.0"?>
<node>
    <component type="Visualable">
        <attribute name="Model" value="Model;dress/bb/12/bb12b5f27491b971b4a1049dff1ebd7b913537f2.mesh;clone" />
        <attribute name="MaterialName" value="name=diffnormalspPacked,specular=255 255 255 32,bumpiness=1.0,cull=none,lighting=on,renderOrder=0,zModify=0.4,Texture0=dress/92/1a/921a87f18b55a3b005490ae483b981570ce651cf.jpg,Texture1=dress/d6/6a/d66aebb4882943d97332e47c0a949d1e3db08a19.jpg;" />
    </component>
    <component type="ProxyDeform">
        <attribute name="Object3D" value="Object3D;dress/d4/f9/d4f94d8d26a658d495c8d53c221acc8ca2d7681f.obj;clone" />
        <attribute name="VertexProxyTable" value="VertexProxyTable;dress/02/a2/02a247030e8138319d0b5359f8f78a7737d75ebe.proxy" />
    </component>
    <component type="Animationable" />
</node>
