<?xml version="1.0"?>
<node>
    <component type="Visualable">
        <attribute name="Model" value="Model;dress/62/00/62004186bdfee73d9690998b0be86e844fcc3b0b.mesh;clone" />
        <attribute name="MaterialName" value="name=diffalpha,specular=1 1 1 32,bumpiness=1.0,cull=none,lighting=off,renderOrder=10,zModify=0.4,Texture0=dress/a2/65/a26566f787afc61c0a16d2026beb7854349e7980.png,change_color_type=2,change_color_image=dress/37/8d/378defe457d66cd3b1cbe59114e13034f81394dc.png,change_color_config=dress/08/e4/08e4f7a0f0079ecfca10c07e523a8ed912433332.xml,change_color_count=21,change_color_index=0;name=diff,specular=1 1 1 32,bumpiness=1.0,cull=none,lighting=off,renderOrder=6,zModify=0.4,Texture0=dress/a2/65/a26566f787afc61c0a16d2026beb7854349e7980.png,change_color_type=2,change_color_image=dress/37/8d/378defe457d66cd3b1cbe59114e13034f81394dc.png,change_color_config=dress/08/e4/08e4f7a0f0079ecfca10c07e523a8ed912433332.xml,change_color_count=21,change_color_index=0;" />
    </component>
    <component type="ProxyDeform">
        <attribute name="Object3D" value="Object3D;dress/35/fa/35faef8d06fb4bfffae46bebf8f82351ff6e4114.obj;clone" />
        <attribute name="VertexProxyTable" value="VertexProxyTable;dress/bb/ab/bbab8d8ba71a5709ba18a1d4fbe0390c5b3467d8.proxy" />
    </component>
    <component type="Animationable" />
</node>
