<?xml version="1.0"?>
<node>
    <component type="Hair">
        <attribute name="Config File" value="dress/f7/14/f714a02dc5e6291971f93e97ed1998d75f562587.xml" />
    </component>
    <component type="Visualable">
        <attribute name="Skeleton" value="dress/0e/f2/0ef25375520fbcf4713400874e4d6e15b8758b37.skeleton" />
        <attribute name="Model" value="Model;dress/c4/b5/c4b5c7dc2fa619a22f0369f01bbeef165294bbfe.mesh;clone" />
        <attribute name="MaterialName" value="name=diffalpha,specular=1 1 1 32,bumpiness=1.0,cull=none,lighting=off,renderOrder=5,zModify=0.6,diffuseLambert=0.0,Texture0=dress/74/a0/74a0aad7d2579397ac0f094958584c6476a2809d.png,change_color_type=2,change_color_image=dress/37/8d/378defe457d66cd3b1cbe59114e13034f81394dc.png,change_color_config=dress/08/e4/08e4f7a0f0079ecfca10c07e523a8ed912433332.xml,change_color_count=21,change_color_index=0;name=diff,specular=1 1 1 32,bumpiness=1.0,cull=none,lighting=off,renderOrder=5,zModify=0.6,diffuseLambert=0.0,Texture0=dress/74/a0/74a0aad7d2579397ac0f094958584c6476a2809d.png,change_color_type=2,change_color_image=dress/37/8d/378defe457d66cd3b1cbe59114e13034f81394dc.png,change_color_config=dress/08/e4/08e4f7a0f0079ecfca10c07e523a8ed912433332.xml,change_color_count=21,change_color_index=0;" />
    </component>
    <component type="ProxyDeform">
        <attribute name="Object3D" value="Object3D;dress/e4/ad/e4ad797640a3427d188d195754e44b12266caa41.obj;clone" />
        <attribute name="VertexProxyTable" value="VertexProxyTable;dress/d7/a2/d7a25cd1d678a4d398d8824cf177497cb534c8c8.proxy" />
    </component>
    <component type="Animationable" />
</node>
