<?xml version="1.0"?>
<node>
    <component type="Visualable">
        <attribute name="Model" value="Model;dress/02/c5/02c51600bb48649a8de1a2a8c450c4cdeeccc94a.mesh;clone" />
        <attribute name="MaterialName" value="name=diffalpha,specular=1 1 1 32,bumpiness=1.0,cull=none,lighting=off,renderOrder=0,zModify=0.5,diffuseLambert=0.0,Texture0=dress/3d/ae/3daeb5ea1579d94fda0b924359de8f1d6e82ca26.png,change_color_type=2,change_color_image=dress/37/8d/378defe457d66cd3b1cbe59114e13034f81394dc.png,change_color_config=dress/08/e4/08e4f7a0f0079ecfca10c07e523a8ed912433332.xml,change_color_count=21,change_color_index=0;name=diff,specular=1 1 1 32,bumpiness=1.0,cull=none,lighting=off,renderOrder=0,zModify=0.5,diffuseLambert=0.0,Texture0=dress/3d/ae/3daeb5ea1579d94fda0b924359de8f1d6e82ca26.png,change_color_type=2,change_color_image=dress/37/8d/378defe457d66cd3b1cbe59114e13034f81394dc.png,change_color_config=dress/08/e4/08e4f7a0f0079ecfca10c07e523a8ed912433332.xml,change_color_count=21,change_color_index=0;" />
    </component>
    <component type="ProxyDeform">
        <attribute name="Object3D" value="Object3D;dress/a0/a0/a0a00a8ba6dfbaeb4ba73bc70421a986ed192f08.obj;clone" />
        <attribute name="VertexProxyTable" value="VertexProxyTable;dress/84/0f/840f3b20eec5608ff9a09a5718bba73cbe842f94.proxy" />
    </component>
    <component type="Animationable" />
</node>
