<?xml version="1.0"?>
<node>
    <component type="Visualable">
        <attribute name="Model" value="Model;dress/11/61/1161eaa86e4ab3adb0df76a8962f16ae20ed0868.mesh;clone" />
        <attribute name="MaterialName" value="name=diffnormalspPacked,specular=255 255 255 32,bumpiness=1.0,cull=none,lighting=on,renderOrder=0,zModify=0.8,Texture0=dress/97/6c/976c215597be43f47633e7044e32d784b753646b.jpg,Texture1=dress/86/45/8645b04ad72b79c9e16af3e2a61925287b14bbbc.jpg;" />
    </component>
    <component type="ProxyDeform">
        <attribute name="Object3D" value="Object3D;dress/d6/a3/d6a3baeca44757265c5701e18fb860728ec29bb1.obj;clone" />
        <attribute name="VertexProxyTable" value="VertexProxyTable;dress/ef/b4/efb4d7ff5c7fdf94925034345d57505e9042643f.proxy" />
    </component>
    <component type="Animationable" />
</node>
