<?xml version="1.0"?>
<node><component type="Visualable"><attribute name="Model" value="Model;dress/94/07/9407ebcb4dd02862f7e0addd88ac6ce0484c7f4a.mesh;clone"/><attribute name="MaterialName" value="name=diffnormalspPacked,specular=50 50 50 32,bumpiness=1.0,cull=none,lighting=on,renderOrder=0,zModify=0.4,Texture0=dress/78/97/7897ff73d6b24b4e70e735299c64105f11d07eef.jpg,Texture1=dress/4a/ff/4affaf3a530bb1532454466464be249bc1d3a103.jpg;"/></component><component type="ProxyDeform"><attribute name="Object3D" value="Object3D;dress/7e/34/7e34b7c71e73ff86c382ef376d10f00b2ea9d01c.obj;clone"/><attribute name="VertexProxyTable" value="VertexProxyTable;dress/8e/47/8e47938aeeae3086fa1a3a4fb76c925a8d0e576b.proxy"/></component><component type="Animationable"/></node>
