<?xml version="1.0"?>
<node><component type="Hair"><attribute name="Config File" value="dress/ff/30/ff30ffb860513a10006792163e24478f6a978b11.xml"/></component><component type="Visualable"><attribute name="Skeleton" value="dress/aa/5c/aa5c1f4b427b29fe235a65cace1a20fb6d7f8437.skeleton"/><attribute name="Model" value="Model;dress/e3/68/e3686a920acb00a8203750aea3815805ee90d923.mesh;clone"/><attribute name="MaterialName" value="name=diffnormalspPacked,specular=100 100 100 32,bumpiness=1.0,cull=none,lighting=on,renderOrder=3,zModify=0.7,Texture0=dress/aa/25/aa252779242a6619e3e7470e617fc727ba6d50bb.jpg,Texture1=dress/59/70/59705cd9b1d7b443a40aecd8d7da1043f23b4f7d.jpg;name=diffalpha,specular=1 1 1 32,bumpiness=1.0,cull=none,lighting=off,renderOrder=6,zModify=0.8,Texture0=dress/ca/5c/ca5c7ca03a36aca4b8044f7a83c07ce9629f4ce0.png;name=diffalpha,specular=100 100 100 32,bumpiness=1.0,cull=none,lighting=on,renderOrder=4,zModify=0.7,Texture0=dress/ca/5c/ca5c7ca03a36aca4b8044f7a83c07ce9629f4ce0.png;"/></component><component type="ProxyDeform"><attribute name="Object3D" value="Object3D;dress/2d/4c/2d4c444eb17fae9d802e171898d2951646dd52d8.obj;clone"/><attribute name="VertexProxyTable" value="VertexProxyTable;dress/b9/2b/b92b1627a1ad95b429eae583cdcd1bd56c91c3cd.proxy"/></component><component type="Animationable"/></node>
