<?xml version="1.0"?>
<node>
    <component type="Hair">
        <attribute name="Config File" value="dress/71/eb/71eb9fbccda402061845b24213004f0a2479cd8d.xml" />
    </component>
    <component type="Visualable">
        <attribute name="Skeleton" value="dress/46/8f/468fb9f6363a57fca500d285fa3151a984f5c8ca.skeleton" />
        <attribute name="Model" value="Model;dress/c2/d9/c2d9305661f6882c307cdadd1372bb06b87364ba.mesh;clone" />
        <attribute name="MaterialName" value="name=diffnormalspPacked,specular=100 100 100 32,bumpiness=1.0,cull=none,lighting=on,renderOrder=0,zModify=0.8,Texture0=dress/03/1b/031b14e299070d6caa44de7aaa3120890a3a17ba.jpg,Texture1=dress/d4/c7/d4c7f8a3107f925626aa00de99856d9ef8d7e5d6.jpg;name=diffnormalspPacked,specular=100 100 100 32,bumpiness=1.0,cull=none,lighting=on,renderOrder=0,zModify=0.8,Texture0=dress/03/1b/031b14e299070d6caa44de7aaa3120890a3a17ba.jpg,Texture1=dress/d4/c7/d4c7f8a3107f925626aa00de99856d9ef8d7e5d6.jpg;name=diffnormalspPacked,specular=100 100 100 32,bumpiness=1.0,cull=none,lighting=on,renderOrder=0,zModify=0.8,Texture0=dress/23/e8/23e89c5a4e8d3ad61e75a524a9dd9eee00c9e792.jpg,Texture1=dress/ff/4e/ff4ee3e4d9c194fff2af6b523c497d2b8e301e14.jpg;" />
    </component>
    <component type="ProxyDeform">
        <attribute name="Object3D" value="Object3D;dress/15/ff/15ffee2a3372454597156d8034a76b5ebec76ff3.obj;clone" />
        <attribute name="VertexProxyTable" value="VertexProxyTable;dress/24/07/24075d867ac1c8ff151d3ff6afb0d8605bf910ca.proxy" />
    </component>
    <component type="Animationable" />
</node>
