<?xml version="1.0"?>
<node>
    <component type="Visualable">
        <attribute name="Model" value="Model;dress/0e/b5/0eb511f59bdfbf59ace0cea2bce9c1059b746c3d.mesh;clone" />
        <attribute name="MaterialName" value="name=diffnormalspPacked,specular=100 100 100 32,bumpiness=1.0,cull=none,lighting=on,renderOrder=0,zModify=0.6,Texture0=dress/af/cc/afcc56115649eae0dd4cb04e65841cc4e21b3bde.jpg,Texture1=dress/1d/5f/1d5faecea7dcd617a23c925aec8c8284e8ba7eb3.jpg;" />
    </component>
    <component type="ProxyDeform">
        <attribute name="Object3D" value="Object3D;dress/68/be/68bebfe5cbb33e87476a1fe256fae072e746426d.obj;clone" />
        <attribute name="VertexProxyTable" value="VertexProxyTable;dress/53/cf/53cf8ae4c16186c5b2c005dcc4862407b4e626c8.proxy" />
    </component>
    <component type="Animationable" />
</node>
