<?xml version="1.0"?>
<node>
    <component type="Visualable">
        <attribute name="Model" value="Model;dress/98/b8/98b8e7d87524b826ae015eec39e8f3f4a8999507.mesh;clone" />
        <attribute name="MaterialName" value="name=diffnormalspPacked,specular=1 1 1 32,bumpiness=1.0,cull=none,lighting=on,renderOrder=0,zModify=0.8,Texture0=dress/59/c1/59c1a9e8cc3a8180a46648219b45e7e318f5b8d5.jpg,Texture1=dress/27/9d/279d76b6525d80dc6b448c9a9e5e5b9cf9bddf86.jpg;" />
    </component>
    <component type="ProxyDeform">
        <attribute name="Object3D" value="Object3D;dress/fa/cb/facb6cec69985ba812138796a558d4a516e10aef.obj;clone" />
        <attribute name="VertexProxyTable" value="VertexProxyTable;dress/ce/ec/ceec7f5967a8e64fdc5eb00784c02fc89d6a150d.proxy" />
    </component>
    <component type="Animationable" />
</node>
