<?xml version="1.0"?>
<node>
    <component type="Visualable">
        <attribute name="Model" value="Model;dress/4a/36/4a3638c81e30b22c507292bd8b0b74d8f3995e43.mesh;clone" />
        <attribute name="MaterialName" value="name=diffnormalspPacked,specular=150 150 150 32,bumpiness=1.0,cull=none,lighting=on,renderOrder=0,zModify=0.6,Texture0=dress/5f/a4/5fa419541daf3dd3177cce580f006d501b50b7c6.jpg,Texture1=dress/dc/61/dc61fe7dc2269e3009772251bd886363061deb08.jpg;name=diffnormalspPacked,specular=20 20 20 2,bumpiness=1.0,cull=none,lighting=on,renderOrder=0,zModify=0.8,Texture0=dress/5f/a4/5fa419541daf3dd3177cce580f006d501b50b7c6.jpg,Texture1=dress/dc/61/dc61fe7dc2269e3009772251bd886363061deb08.jpg;" />
    </component>
    <component type="ProxyDeform">
        <attribute name="Object3D" value="Object3D;dress/30/b9/30b9bc351555aeebb31929fa566e93a8dab30d05.obj;clone" />
        <attribute name="VertexProxyTable" value="VertexProxyTable;dress/16/ec/16ec60cb2dae4017f3953b441058f5763e864452.proxy" />
    </component>
    <component type="Animationable" />
</node>
