<?xml version="1.0"?>
<node>
    <component type="Visualable">
        <attribute name="Model" value="Model;dress/6e/0e/6e0e6f2ea3cd4cb0004467973228caf99afda65e.mesh;clone" />
        <attribute name="MaterialName" value="name=diffnormalspPacked,specular=255 255 255 32,bumpiness=1.0,cull=none,lighting=on,renderOrder=0,zModify=0.4,Texture0=dress/9f/e1/9fe14363aac8b0df95534fc08af351b1705dd80f.jpg,Texture1=dress/78/1b/781be117a30ebb060b9d37d6055f836f85c65df6.jpg;" />
    </component>
    <component type="ProxyDeform">
        <attribute name="Object3D" value="Object3D;dress/48/ec/48ec316d7d92c7828781e62c499ced902be1e964.obj;clone" />
        <attribute name="VertexProxyTable" value="VertexProxyTable;dress/6e/84/6e84ac525752c445614464502abd2c83d960b8cd.proxy" />
    </component>
    <component type="Animationable" />
</node>
