<?xml version="1.0"?>
<node><component type="Visualable"><attribute name="Model" value="Model;dress/be/39/be3931c1f7827cd2bfa0726093a2aa6598051c13.mesh;clone"/><attribute name="MaterialName" value="name=diffnormalspPacked,specular=255 255 255 32,bumpiness=1.0,cull=none,lighting=on,renderOrder=0,zModify=0.8,Texture0=dress/9d/6c/9d6cacf30f27689303f372603d664166af67fb08.jpg,Texture1=dress/95/71/95713a205183997bb88a7f5c7e7bd6924da5269a.jpg;name=diffnormalspPacked,specular=255 255 255 32,bumpiness=1.0,cull=none,lighting=on,renderOrder=0,zModify=0.8,Texture0=dress/9f/a1/9fa12f214b075c64b287d83e17cf70fa301bb26a.jpg,Texture1=dress/db/fb/dbfb3c75de6e90e2bbc8e43ec0c8690f5b3ef699.jpg;"/></component><component type="ProxyDeform"><attribute name="Object3D" value="Object3D;dress/e7/db/e7dbbd7ddd7ff2242e8c42ae0ef2f578d892f4d9.obj;clone"/><attribute name="VertexProxyTable" value="VertexProxyTable;dress/e9/6d/e96d15be0c30e0e6c9907f8fd732be1f758ce1ba.proxy"/></component><component type="Animationable"/></node>
