<?xml version="1.0"?>
<node>
    <component type="Visualable">
        <attribute name="Model" value="Model;dress/a6/57/a657454fd61d12c3fdfce95289f611578e2ce93e.mesh;clone" />
        <attribute name="MaterialName" value="name=diffnormalspPacked,specular=120 120 120 32,bumpiness=1.0,cull=none,lighting=on,renderOrder=0,zModify=0.6,diffuseLambert=0.5,glowScale=1.0,Texture0=dress/2f/34/2f34547209212f9ff67298d42ceb3c7009d76158.jpg,Texture1=dress/84/0b/840b4a4bb1846ea2ab0f04e369c3cd7c71191058.jpg;" />
    </component>
    <component type="ProxyDeform">
        <attribute name="Object3D" value="Object3D;dress/5a/8e/5a8e8948814d1160176e9ff7ab43e22ad76e66cf.obj;clone" />
        <attribute name="VertexProxyTable" value="VertexProxyTable;dress/47/92/47922c9ff19984341f3a0b6febe1060216da8e33.proxy" />
    </component>
    <component type="Animationable" />
</node>
