<?xml version="1.0"?>
<node>
    <component type="Visualable">
        <attribute name="Model" value="Model;dress/6b/05/6b05089e08855bee290514276439b46f9aba0d87.mesh;clone" />
        <attribute name="MaterialName" value="name=diffnormalspPacked,specular=255 255 255 32,bumpiness=1.0,cull=none,lighting=on,renderOrder=0,zModify=0.4,Texture0=dress/4e/dd/4edda2bbec226ff5086ca990897b7238b8ce6aa9.jpg,Texture1=dress/7a/1b/7a1b5c5810ac7bbc17df07c778f469eac168a5ba.jpg;" />
    </component>
    <component type="ProxyDeform">
        <attribute name="Object3D" value="Object3D;dress/ff/89/ff89704cd8a7d9bf6ef8396d4a6d72f8e529dfda.obj;clone" />
        <attribute name="VertexProxyTable" value="VertexProxyTable;dress/04/b7/04b738bbcbead5afe68fbd4226b12deb00a0d125.proxy" />
    </component>
    <component type="Animationable" />
</node>
