<?xml version="1.0"?>
<node>
    <component type="Visualable">
        <attribute name="Model" value="Model;dress/18/ff/18ffa6d632a4036d366f04a605a72f32e91884ee.mesh;clone" />
        <attribute name="MaterialName" value="name=diffalpha,specular=1 1 1 32,bumpiness=1.0,cull=none,lighting=off,renderOrder=5,zModify=0.6,diffuseLambert=0.0,Texture0=dress/94/4b/944b9091761836f32410911fbab70ed0b6f9c72a.png,change_color_type=2,change_color_image=dress/37/8d/378defe457d66cd3b1cbe59114e13034f81394dc.png,change_color_config=dress/08/e4/08e4f7a0f0079ecfca10c07e523a8ed912433332.xml,change_color_count=21,change_color_index=0;name=diffalpha,specular=1 1 1 32,bumpiness=1.0,cull=none,lighting=off,renderOrder=0,zModify=0.2,diffuseLambert=0.0,Texture0=dress/94/4b/944b9091761836f32410911fbab70ed0b6f9c72a.png;" />
    </component>
    <component type="ProxyDeform">
        <attribute name="Object3D" value="Object3D;dress/1f/ec/1fec34c002b3ff9e4dd937b45bda3822c82f56a3.obj;clone" />
        <attribute name="VertexProxyTable" value="VertexProxyTable;dress/aa/1c/aa1c02a7d149fccffb477a78360222cf73deaab4.proxy" />
    </component>
    <component type="Animationable" />
</node>
