<?xml version="1.0"?>
<node>
    <component type="Visualable">
        <attribute name="Model" value="Model;dress/b0/58/b0585bfe3d16c7b331e7e358949764392062c468.mesh;clone" />
        <attribute name="MaterialName" value="name=diffalpha,specular=1 1 1 32,bumpiness=1.0,cull=none,lighting=off,zModify=0.6,Texture0=dress/41/fc/41fc304a02659b2c9b1a5e88bcff6c2a6efa6eca.png;name=diff,specular=1 1 1 32,bumpiness=1.0,cull=none,lighting=off,zModify=0.6,Texture0=dress/41/fc/41fc304a02659b2c9b1a5e88bcff6c2a6efa6eca.png;" />
    </component>
    <component type="ProxyDeform">
        <attribute name="Object3D" value="Object3D;dress/21/c4/21c486d1f111bbcd7cb430c3998d326d29d1715a.obj;clone" />
        <attribute name="VertexProxyTable" value="VertexProxyTable;dress/ba/d2/bad24a4cc57eaa656530944e3c63f4d1d2e7ffea.proxy" />
    </component>
    <component type="Animationable" />
</node>
