<?xml version="1.0"?>
<node><component type="Visualable"><attribute name="Model" value="Model;dress/ea/03/ea039d0da25a735cb6bcbb5c78dd35c5bee3bb62.mesh;clone"/><attribute name="MaterialName" value="name=diff,specular=1 1 1 1,bumpiness=1.0,cull=none,lighting=on,renderOrder=0,zModify=0,Texture0=dress/f0/b9/f0b95cceeeb47f689f03cbd62fda7e47faae08cc.jpg;"/></component><component type="ProxyDeform"><attribute name="Object3D" value="Object3D;dress/6d/d1/6dd14d95744d7d9fb13f35ee77381ef8c7fbc6f9.obj;clone"/><attribute name="VertexProxyTable" value="VertexProxyTable;dress/fc/68/fc68205717427bf9d49b4caf59bb30f9ff7eeda8.proxy"/></component><component type="Animationable"/></node>
