<?xml version="1.0"?>
<node>
    <component type="Hair">
        <attribute name="Config File" value="dress/6f/1e/6f1e47f65f18933c92dffc0b754aff7fd5928134.xml" />
    </component>
    <component type="Visualable">
        <attribute name="Skeleton" value="dress/ec/f8/ecf860be963e2a157f2a85e3fe310b85b1507eb5.skeleton" />
        <attribute name="Model" value="Model;dress/1b/c9/1bc9f82f26ed3d34f6ad3dc54e92f5b1582b2a7d.mesh;clone" />
        <attribute name="MaterialName" value="name=diffalpha,specular=1 1 1 1,bumpiness=1.0,cull=none,lighting=off,renderOrder=10,zModify=0.6,diffuseLambert=0.0,glowScale=1.0,Texture0=dress/66/1f/661f75d38831f0124bf8db36075981e0ce459c1e.png,change_color_type=2,change_color_image=dress/37/8d/378defe457d66cd3b1cbe59114e13034f81394dc.png,change_color_config=dress/08/e4/08e4f7a0f0079ecfca10c07e523a8ed912433332.xml,change_color_count=21,change_color_index=0;name=diff,specular=1 1 1 1,bumpiness=1.0,cull=none,lighting=off,renderOrder=0,zModify=0.6,diffuseLambert=0.0,glowScale=1.0,Texture0=dress/66/1f/661f75d38831f0124bf8db36075981e0ce459c1e.png,change_color_type=2,change_color_image=dress/37/8d/378defe457d66cd3b1cbe59114e13034f81394dc.png,change_color_config=dress/08/e4/08e4f7a0f0079ecfca10c07e523a8ed912433332.xml,change_color_count=21,change_color_index=0;name=diffalpha,specular=1 1 1 1,bumpiness=1.0,cull=none,lighting=off,renderOrder=0,zModify=0.6,diffuseLambert=0.0,glowScale=1.0,Texture0=dress/66/1f/661f75d38831f0124bf8db36075981e0ce459c1e.png;" />
    </component>
    <component type="ProxyDeform">
        <attribute name="Object3D" value="Object3D;dress/b4/b0/b4b0ea5420a8d4d348ae2974312a1ef796217b51.obj;clone" />
        <attribute name="VertexProxyTable" value="VertexProxyTable;dress/4b/96/4b96378d7859cc45d0b8553f10f63f09df112597.proxy" />
    </component>
    <component type="Animationable" />
</node>
