<?xml version="1.0"?>
<node>
    <component type="Visualable">
        <attribute name="Model" value="Model;dress/a8/da/a8daa35bb5c1915c5d5a61c7744b5835d8a1b210.mesh;clone" />
        <attribute name="MaterialName" value="name=diffalpha,specular=1 1 1 32,bumpiness=1.0,cull=none,lighting=off,renderOrder=0,zModify=0.8,Texture0=dress/54/2d/542d1410bd1fa18f7e34c7bab7b2072ed95a7e5d.png,change_color_type=2,change_color_image=dress/37/8d/378defe457d66cd3b1cbe59114e13034f81394dc.png,change_color_config=dress/08/e4/08e4f7a0f0079ecfca10c07e523a8ed912433332.xml,change_color_count=21,change_color_index=0;" />
    </component>
    <component type="ProxyDeform">
        <attribute name="Object3D" value="Object3D;dress/75/f8/75f8b974971709103e267f7e5d4c3a38f9e7222e.obj;clone" />
        <attribute name="VertexProxyTable" value="VertexProxyTable;dress/a9/6b/a96be51c4368ece462a13c3fcdae546f98a0a415.proxy" />
    </component>
    <component type="Animationable" />
</node>
