<?xml version="1.0"?>
<node>
    <component type="Visualable">
        <attribute name="Model" value="Model;dress/af/81/af81b024835b5db1a8b617410427adf13cffd54f.mesh;clone" />
        <attribute name="MaterialName" value="name=diffalpha,specular=1 1 1 32,bumpiness=1.0,cull=none,lighting=on,renderOrder=0,zModify=0.8,Texture0=dress/57/ef/57eff9cdb390ecd31ff5779e3ae6df20e3176bfa.png,change_color_type=2,change_color_image=dress/37/8d/378defe457d66cd3b1cbe59114e13034f81394dc.png,change_color_config=dress/08/e4/08e4f7a0f0079ecfca10c07e523a8ed912433332.xml,change_color_count=21,change_color_index=0;name=diff,specular=1 1 1 32,bumpiness=1.0,cull=none,lighting=on,renderOrder=0,zModify=0.8,Texture0=dress/57/ef/57eff9cdb390ecd31ff5779e3ae6df20e3176bfa.png,change_color_type=2,change_color_image=dress/37/8d/378defe457d66cd3b1cbe59114e13034f81394dc.png,change_color_config=dress/08/e4/08e4f7a0f0079ecfca10c07e523a8ed912433332.xml,change_color_count=21,change_color_index=0;" />
    </component>
    <component type="ProxyDeform">
        <attribute name="Object3D" value="Object3D;dress/c7/2a/c72a2c2fb68fee4e70f22a5abf0aa98534862c60.obj;clone" />
        <attribute name="VertexProxyTable" value="VertexProxyTable;dress/d6/22/d622fc6e92cb4f5fe5580ffe9fec61196b5cc927.proxy" />
    </component>
    <component type="Animationable" />
</node>
