<?xml version="1.0"?>
<node><component type="Visualable"><attribute name="Model" value="Model;dress/2c/5c/2c5ca849569323a62976e8ed09ca137602ea354f.mesh;clone"/><attribute name="MaterialName" value="name=diffnormalspPackedalpha,specular=100 100 100 32,bumpiness=1.0,cull=none,lighting=on,renderOrder=0,zModify=0.6,Texture0=dress/92/72/9272a421e23e117ad1751cfa2cda0fd0381c2c4c.jpg,Texture1=dress/ff/48/ff487e5b7f41ed71f571507487fb6fbf64b5d80f.jpg;"/></component><component type="ProxyDeform"><attribute name="Object3D" value="Object3D;dress/22/2b/222b7289b8aa255f0154b113df0a52a80713ff37.obj;clone"/><attribute name="VertexProxyTable" value="VertexProxyTable;dress/25/23/25238d8d8080388082b3efcf17fc240fcba8dd3e.proxy"/></component><component type="Animationable"/></node>
