<?xml version="1.0"?>
<node><component type="Visualable"><attribute name="Model" value="Model;dress/c5/a1/c5a10e42bab4522c6c7af19037531e0fc8685cad.mesh;clone"/><attribute name="MaterialName" value="name=diffnormalspPacked,specular=255 255 255 32,bumpiness=1.0,cull=none,lighting=on,renderOrder=0,zModify=0.2,Texture0=dress/b2/c7/b2c76d72a00953931954db2653ff5ff516edcb1b.jpg,Texture1=dress/1d/03/1d0314da4e8305dd55dfada8fc226fb11e68c3b0.jpg;"/></component><component type="ProxyDeform"><attribute name="Object3D" value="Object3D;dress/5c/10/5c10f925f1124528c8c759f64bd05e3ae1c48cb3.obj;clone"/><attribute name="VertexProxyTable" value="VertexProxyTable;dress/50/2d/502d7a5ddfe8b2c220e12767ad391847bc8d2a6f.proxy"/></component><component type="Animationable"/></node>
