<?xml version="1.0"?>
<node><component type="Visualable"><attribute name="Model" value="Model;dress/50/84/5084a82d1b9ab79e318475234e308df7bdcfcd9d.mesh;clone"/><attribute name="MaterialName" value="name=diffnormalspPacked,specular=255 255 255 32,bumpiness=1,cull=none,lighting=on,renderOrder=0,zModify=0.8,Texture0=dress/9b/ce/9bcee06200bbf206bd8cf6587ee19d664d149d5e.jpg,Texture1=dress/05/95/05958e58082d59e4b6efbe38f979442ef226c736.jpg;"/></component><component type="ProxyDeform"><attribute name="Object3D" value="Object3D;dress/8f/05/8f058240437823069c089a9703ef170f75fa854b.obj;clone"/><attribute name="VertexProxyTable" value="VertexProxyTable;dress/41/26/4126cb07925c746fac754900ba4ea075e1532652.proxy"/></component><component type="Animationable"/></node>
