<?xml version="1.0"?>
<node>
    <component type="Visualable">
        <attribute name="Model" value="Model;dress/a8/a8/a8a8937ac0b80987e473eced2f76072bc876a40c.mesh;clone" />
        <attribute name="MaterialName" value="name=diffalpha,specular=1 1 1 1,bumpiness=1.0,cull=none,lighting=off,renderOrder=0,zModify=0.4,Texture0=dress/13/5e/135ee715a89387e2534dc68b0a3894c5ef47a04e.png,change_color_type=2,change_color_image=dress/37/8d/378defe457d66cd3b1cbe59114e13034f81394dc.png,change_color_config=dress/08/e4/08e4f7a0f0079ecfca10c07e523a8ed912433332.xml,change_color_count=21,change_color_index=0;name=diff,specular=1 1 1 1,bumpiness=1.0,cull=none,lighting=off,renderOrder=0,zModify=0.4,Texture0=dress/13/5e/135ee715a89387e2534dc68b0a3894c5ef47a04e.png,change_color_type=2,change_color_image=dress/37/8d/378defe457d66cd3b1cbe59114e13034f81394dc.png,change_color_config=dress/08/e4/08e4f7a0f0079ecfca10c07e523a8ed912433332.xml,change_color_count=21,change_color_index=0;" />
    </component>
    <component type="ProxyDeform">
        <attribute name="Object3D" value="Object3D;dress/3d/71/3d71862aa950858e533d60c336864c27b3600fa6.obj;clone" />
        <attribute name="VertexProxyTable" value="VertexProxyTable;dress/63/a3/63a3a2c1179e10ece4df5b72567dbace0447b44b.proxy" />
    </component>
    <component type="Animationable" />
</node>
