<?xml version="1.0"?>
<node>
    <component type="Hair">
        <attribute name="Config File" value="dress/73/29/73291c27c194aaaa49705f24dbc386b8bc69645f.xml" />
    </component>
    <component type="Visualable">
        <attribute name="Skeleton" value="dress/94/62/9462d80d79f97f2961494a6ba1b50d3e6841811b.skeleton" />
        <attribute name="Model" value="Model;dress/86/ee/86ee6deea51e3e19f17675784d698194b29c2706.mesh;clone" />
        <attribute name="MaterialName" value="name=diffalpha,specular=1 1 1 32,bumpiness=1.0,cull=none,lighting=on,renderOrder=10,zModify=0.5,Texture0=dress/fb/2a/fb2a0383928eaffce933a86d60d515fd790ea35a.png;name=diff,specular=1 1 1 32,bumpiness=1.0,cull=none,lighting=on,renderOrder=10,zModify=0.5,Texture0=dress/fb/2a/fb2a0383928eaffce933a86d60d515fd790ea35a.png,change_color_type=2,change_color_image=dress/37/8d/378defe457d66cd3b1cbe59114e13034f81394dc.png,change_color_config=dress/08/e4/08e4f7a0f0079ecfca10c07e523a8ed912433332.xml,change_color_count=21,change_color_index=0;name=diffalpha,specular=1 1 1 32,bumpiness=1.0,cull=none,lighting=on,renderOrder=10,zModify=0.5,Texture0=dress/fb/2a/fb2a0383928eaffce933a86d60d515fd790ea35a.png,change_color_type=2,change_color_image=dress/37/8d/378defe457d66cd3b1cbe59114e13034f81394dc.png,change_color_config=dress/08/e4/08e4f7a0f0079ecfca10c07e523a8ed912433332.xml,change_color_count=21,change_color_index=0;name=diffalpha,specular=1 1 1 32,bumpiness=1.0,cull=none,lighting=on,renderOrder=10,zModify=0.4,Texture0=dress/fb/2a/fb2a0383928eaffce933a86d60d515fd790ea35a.png;" />
    </component>
    <component type="ProxyDeform">
        <attribute name="Object3D" value="Object3D;dress/39/78/397883621cfa758e7ff593c1ff5c937f939f5dc2.obj;clone" />
        <attribute name="VertexProxyTable" value="VertexProxyTable;dress/50/71/5071da21949b3d1366a44f0e176eedab9e19c48f.proxy" />
    </component>
    <component type="Animationable" />
</node>
