<?xml version="1.0"?>
<node>
    <component type="Visualable">
        <attribute name="Model" value="Model;dress/18/e1/18e14c73fe52f650ba72bb2aa5b5df64a1d34a64.mesh;clone" />
        <attribute name="MaterialName" value="name=diffalpha,specular=1 1 1 32,bumpiness=1.0,cull=none,lighting=on,renderOrder=0,zModify=0.8,Texture0=dress/f5/51/f5515047af88eadbc11d039f84fd4b63899f82df.png,change_color_type=2,change_color_image=dress/37/8d/378defe457d66cd3b1cbe59114e13034f81394dc.png,change_color_config=dress/08/e4/08e4f7a0f0079ecfca10c07e523a8ed912433332.xml,change_color_count=21,change_color_index=0;name=diff,specular=2 2 2 32,bumpiness=1.0,cull=none,lighting=on,renderOrder=0,zModify=0.9,Texture0=dress/f5/51/f5515047af88eadbc11d039f84fd4b63899f82df.png;" />
    </component>
    <component type="ProxyDeform">
        <attribute name="Object3D" value="Object3D;dress/58/a0/58a0c617778390dd51e1a748ed8ad2324debf9a2.obj;clone" />
        <attribute name="VertexProxyTable" value="VertexProxyTable;dress/b0/c0/b0c0a4c7c7703a29a57730a05ab88978197afcbd.proxy" />
    </component>
    <component type="Animationable" />
</node>
