<?xml version="1.0"?>
<node>
    <component type="Visualable">
        <attribute name="Model" value="Model;dress/8c/41/8c4112229ed1efd2980cbff02a3ecdb16851fe36.mesh;clone" />
        <attribute name="MaterialName" value="name=diffnormalspPacked,specular=100 100 100 32,bumpiness=1.0,cull=none,lighting=on,renderOrder=0,zModify=0.8,Texture0=dress/cd/7d/cd7d80c48f15d7e20475f9f5cdf5b468aa904f7b.jpg,Texture1=dress/9d/ec/9decc0ffdac7458cf6b32832a6f66ba9cb1e9567.jpg;name=diffnormalspPacked,specular=50 50 50 32,bumpiness=1.0,cull=none,lighting=on,renderOrder=0,zModify=0.8,Texture0=dress/e0/f3/e0f35e7c55592714455a2addd0c296643231dcc1.jpg,Texture1=dress/79/e6/79e62e1c96c42d64ce41b1579555f2177e4133df.jpg;" />
    </component>
    <component type="ProxyDeform">
        <attribute name="Object3D" value="Object3D;dress/f8/00/f8003e580ebb9ddef06f53c994e651735cec2ad8.obj;clone" />
        <attribute name="VertexProxyTable" value="VertexProxyTable;dress/91/0f/910f97f753a2300055435e9070a1f734a82c0654.proxy" />
    </component>
    <component type="Animationable" />
</node>
