<?xml version="1.0"?>
<node><component type="Visualable"><attribute name="Model" value="Model;dress/ed/68/ed68dfc9f573a6be2bfb75c3769fd14d49b3e9e7.mesh;clone"/><attribute name="MaterialName" value="name=diffnormalspPacked,specular=255 255 255 32,bumpiness=1.0,cull=none,lighting=on,renderOrder=0,zModify=0.8,Texture0=dress/d9/9a/d99ae32cdd5bf6d5cc8a52735e6e55f7b8536fdc.jpg,Texture1=dress/38/44/3844fef2d9be42996375d39bfbbd0b6047d70327.jpg;"/></component><component type="ProxyDeform"><attribute name="Object3D" value="Object3D;dress/a5/bd/a5bda3e23b7976a2f13bcf80f0e385280c9b1800.obj;clone"/><attribute name="VertexProxyTable" value="VertexProxyTable;dress/0b/83/0b8311ea16eec2a13a08590f4a0413d779d5c026.proxy"/></component><component type="Animationable"/></node>
