<?xml version="1.0"?>
<node><component type="Visualable"><attribute name="Model" value="Model;dress/0c/02/0c024912ede97831e42623851ed892926c29033a.mesh;clone"/><attribute name="MaterialName" value="name=diffalpha,specular=1 1 1 1,bumpiness=1.0,cull=none,lighting=on,renderOrder=0,zModify=0.8,Texture0=dress/50/13/5013ea31c63adc9d175d3360a3a6abe074632283.png,change_color_image=dress/37/8d/378defe457d66cd3b1cbe59114e13034f81394dc.png,change_color_config=dress/08/e4/08e4f7a0f0079ecfca10c07e523a8ed912433332.xml,change_color_count=21,change_color_index=0;"/></component><component type="ProxyDeform"><attribute name="Object3D" value="Object3D;dress/7c/74/7c74d9c3824d23e0812201e04a92250e1ec07038.obj;clone"/><attribute name="VertexProxyTable" value="VertexProxyTable;dress/6b/02/6b02aff69a9ac7ef7e6764e55a977b38a0276156.proxy"/></component><component type="Animationable"/></node>
