<?xml version="1.0"?>
<node>
    <component type="Visualable">
        <attribute name="Model" value="Model;dress/d7/da/d7da7b6cbe962ef2eed691c09bba4051389f4fcc.mesh;clone" />
        <attribute name="MaterialName" value="name=diffalpha,specular=1 1 1 32,bumpiness=1.0,cull=none,lighting=off,renderOrder=0,zModify=0.2,Texture0=dress/51/e7/51e7dc9965609603d37649a3edb5d6028ed5f248.png,change_color_type=2,change_color_image=dress/37/8d/378defe457d66cd3b1cbe59114e13034f81394dc.png,change_color_config=dress/08/e4/08e4f7a0f0079ecfca10c07e523a8ed912433332.xml,change_color_count=21,change_color_index=0;" />
    </component>
    <component type="ProxyDeform">
        <attribute name="Object3D" value="Object3D;dress/3c/8c/3c8c112ce67f933b6e9ff4173918bb163e99cf02.obj;clone" />
        <attribute name="VertexProxyTable" value="VertexProxyTable;dress/55/fc/55fc1cc4fa412cbd00ead5ad05eb2ca10c995839.proxy" />
    </component>
    <component type="Animationable" />
</node>
