<?xml version="1.0"?>
<node>
    <component type="Visualable">
        <attribute name="Model" value="Model;dress/ca/ea/caea8fca3debf60c3641b12e18b634d59ec37e1d.mesh;clone" />
        <attribute name="MaterialName" value="name=diffalpha,specular=1 1 1 32,bumpiness=1.0,cull=none,lighting=on,renderOrder=0,zModify=0.1,diffuseLambert=0.0,glowScale=1.0,Texture0=dress/7e/5b/7e5b89e32ae9b499df32a42d6bd848129cea5858.png,change_color_type=2,change_color_image=dress/37/8d/378defe457d66cd3b1cbe59114e13034f81394dc.png,change_color_config=dress/08/e4/08e4f7a0f0079ecfca10c07e523a8ed912433332.xml,change_color_count=21,change_color_index=0;" />
    </component>
    <component type="ProxyDeform">
        <attribute name="Object3D" value="Object3D;dress/a3/ae/a3aea466c83c22512571eebed1e34a4f19de93fa.obj;clone" />
        <attribute name="VertexProxyTable" value="VertexProxyTable;dress/cf/8f/cf8f54d31e745398d38a3a5e5ef8bbcf23c591c0.proxy" />
    </component>
    <component type="Animationable" />
</node>
